iter,mean_top10_anova_block,mean_top10_anova_period,mean_top10_periodicity_strength
1,1.708525477284e+01,4.007707650583e+01,2.570588823159e+45
2,1.474354080107e+01,5.952233303661e+01,7.195611412228e+44
3,1.440790641900e+01,3.217171291650e+01,2.787624563410e+44
4,1.534391733149e+01,3.243074248718e+01,1.643750360806e+45
5,2.019276632349e+01,4.872965830007e+01,1.076037202780e+44
6,1.590339776332e+01,5.499074117808e+01,1.066245706910e+44
7,2.119769570335e+01,7.049825827070e+01,7.102436511077e+43
8,1.483530019187e+01,2.832644991204e+01,1.423872108344e+45
9,1.912766598070e+01,4.464482446982e+01,3.506417296288e+44
10,1.283600795695e+01,2.652265545400e+01,7.102444356027e+43
11,1.529842051215e+01,5.807183287968e+01,7.289174125658e+38
12,1.437263643788e+01,3.175424606171e+01,2.385751849916e+45
13,1.484692804668e+01,2.771546103129e+01,1.066245838515e+44
14,1.801076970303e+01,3.023584127518e+01,7.066963597686e+43
15,1.421557761091e+01,3.910310348949e+01,1.066242638838e+44
16,1.767302975917e+01,2.890430674094e+01,2.886165763608e+39
17,2.701240994405e+01,3.980362368955e+01,7.134546380807e+43
18,1.534780865996e+01,3.175995560410e+01,1.296398351946e+34
19,2.193439711163e+01,2.581518369705e+01,3.507314259175e+44
20,2.459756868092e+01,5.119691114174e+01,1.085158274560e+45
21,1.973017384841e+01,5.540391225360e+01,6.645441165173e+33
22,1.485430808015e+01,2.143929555743e+01,7.102407198762e+43
23,2.391292289283e+01,3.153459134501e+01,6.413086077662e+39
24,1.673732680042e+01,3.537048944830e+01,1.561211096088e+45
25,1.726086900805e+01,5.682746346449e+01,1.644076543142e+45
26,1.594691715390e+01,2.646522785693e+01,1.071800382504e+44
27,1.445133184011e+01,3.816597560019e+01,1.493025652313e+45
28,1.698305441432e+01,4.878178281988e+01,7.099709434604e+43
29,1.760050644865e+01,3.393365773197e+01,6.199113791852e+44
30,1.196744481903e+01,4.048179003766e+01,1.071795076729e+44
31,2.000438563119e+01,8.239942411049e+01,3.506418152533e+44
32,2.138713062616e+01,3.737661222511e+01,7.057111614699e+43
33,1.454013771082e+01,3.021485617747e+01,5.995118278098e+44
34,1.836759802493e+01,1.733757763910e+02,3.480630157995e+44
35,1.198608611901e+01,2.849467607197e+01,1.771952027906e+44
36,1.413409712536e+01,2.439523536360e+01,2.801378608397e+44
37,2.030610441637e+01,8.226953062839e+01,1.323978434247e+45
38,1.677229144542e+01,2.744844801452e+01,7.057121566718e+43
39,1.513065672782e+01,3.051641123744e+01,1.071799923601e+44
40,2.431096574294e+01,9.833712381906e+01,5.815696549276e+33
41,1.664152823546e+01,2.689594736250e+01,2.162841987255e+45
42,2.118899163519e+01,3.608406714007e+01,3.506415036330e+44
43,2.401334253051e+01,2.607505655007e+01,1.477003677495e+44
44,2.043394395836e+01,4.728629353906e+01,7.298270158313e+38
45,2.275982488079e+01,5.810893934165e+01,5.735855502764e+44
46,1.572207532017e+01,3.962246855962e+01,7.099675124564e+43
47,1.586261588439e+01,4.843925039736e+01,1.066237283550e+44
48,1.607008576959e+01,2.434857855938e+01,6.636374069394e+44
49,1.336473941073e+01,8.106342053824e+01,7.102433096325e+43
50,1.977501333284e+01,4.074404799205e+01,6.411762124303e+39
51,1.210843236938e+01,2.718957476555e+01,1.071719903269e+44
52,1.352557405647e+01,3.845323053451e+01,7.057163255077e+43
53,2.301396966353e+01,4.094193212597e+01,2.787658076145e+44
54,1.422395534486e+01,2.910904741570e+01,3.410507355423e+44
55,1.587908145187e+01,2.882859448196e+01,1.075104327476e+44
56,2.133515854543e+01,4.199090837010e+01,3.383612576275e+44
57,1.551351650747e+01,2.019267965571e+01,3.496346697988e+44
58,1.428965661920e+01,2.525661449245e+01,3.506416419490e+44
59,1.734935619495e+01,3.675868706427e+01,1.070963742652e+44
60,1.858393969986e+01,3.953440890809e+01,2.631358614731e+44
61,1.903010913180e+01,3.738926754922e+01,1.071721770701e+44
62,1.241182448908e+01,4.228317479655e+01,3.516505798732e+44
63,1.824248044563e+01,3.350415111798e+01,6.762482958537e+44
64,1.429124611407e+01,3.816570932800e+01,6.223345924190e+44
65,2.432113824690e+01,3.626032661748e+01,1.794902160521e+45
66,1.530861908116e+01,2.842445884938e+01,4.241627084834e+44
67,1.457760328233e+01,2.639869048941e+01,6.209927514369e+44
68,1.408150459744e+01,2.698791143160e+01,1.204282096429e+45
69,1.057964140595e+01,4.185021939246e+01,7.057141574581e+43
70,1.317215283766e+01,4.295957786154e+01,7.102426404875e+43
71,2.513578062498e+01,1.642137753875e+02,7.298342456133e+38
72,1.242576708170e+01,1.879433540026e+01,1.080740340957e+45
73,3.192495685070e+01,3.830990348852e+01,1.190164860083e+34
74,1.576043082267e+01,2.294864918162e+01,3.506419775480e+44
75,1.355599111087e+01,3.190656800923e+01,6.204742113707e+44
76,2.120200901842e+01,5.194877443948e+01,2.162584450026e+45
77,1.533154183241e+01,2.418723664640e+01,7.102418435642e+43
78,1.165136264694e+01,3.483401838756e+01,1.066236324047e+44
79,2.531788093859e+01,5.875824866715e+01,1.081806976592e+44
80,2.125280445490e+01,2.632069849209e+01,3.506414259524e+44
81,1.318813599288e+01,2.424527198483e+01,2.801401129060e+44
82,2.081732067643e+01,2.618731281669e+01,2.783735008671e+44
83,2.028815854203e+01,3.407143379275e+01,4.232569217074e+44
84,1.438564885930e+01,2.254954006203e+01,1.066233025387e+44
85,1.457724435661e+01,3.799552291065e+01,7.057153118341e+43
86,1.433985235135e+01,4.882516470902e+01,1.071057802140e+44
87,1.894758377495e+01,9.804043620529e+01,7.057095324197e+43
88,1.675587563511e+01,4.321086197149e+01,1.348951626397e+45
89,1.674073899185e+01,3.195695937318e+01,1.148677259413e+45
90,1.609519056133e+01,3.962516043631e+01,2.795018991684e+44
91,1.510562149731e+01,3.740407973103e+01,2.795025085268e+44
92,9.619970947251e+00,3.645657077512e+01,3.291015830904e+33
93,1.684908807400e+01,3.160637846730e+01,3.796236304555e+44
94,1.295051975691e+01,2.326282243409e+01,1.071801576420e+44
95,1.488471075491e+01,2.154867869052e+02,7.057144806777e+43
96,1.377773574141e+01,2.724753238050e+01,1.066249100473e+44
97,1.650361139571e+01,2.517025187611e+01,2.801387835619e+44
98,1.894079494470e+01,4.891130091545e+01,3.506416215832e+44
99,1.789317454753e+01,5.080344872072e+01,7.057155002876e+43
100,1.869773449175e+01,5.408222608773e+01,7.102455854038e+43
101,2.280224703092e+01,3.338360729193e+01,7.102437868645e+43
102,2.062665048471e+01,3.804206498171e+01,1.076298185679e+44
103,1.675006273584e+01,4.310011651486e+01,1.178459735940e+45
104,1.755082392935e+01,3.615248892988e+01,7.099698109390e+43
105,1.450164424396e+01,3.514634229629e+01,7.168314961555e+44
106,2.351856753778e+01,3.669596887658e+01,9.402706214451e+44
107,1.190720469443e+01,2.590665959739e+01,9.415358049092e+44
108,1.690835453714e+01,6.987832374197e+01,1.075098327884e+44
109,1.765246314255e+01,2.929379609862e+01,7.087973077182e+43
110,1.874274969939e+01,6.136697011337e+01,4.236409089690e+44
111,2.084313083532e+01,5.651088022385e+01,9.416674799158e+44
112,2.293104478789e+01,3.642994522170e+01,1.077305476654e+44
113,1.260259183360e+01,5.105028742180e+01,1.407856216844e+34
114,1.833408657455e+01,3.631835370372e+01,4.251682500974e+44
115,2.182869587468e+01,3.296276670193e+01,9.402713839685e+44
116,1.592148748883e+01,5.886502285670e+01,1.558195741585e+45
117,1.468868594499e+01,2.602102942274e+01,4.242607890195e+44
118,1.823950995510e+01,2.742618559191e+02,2.640713768123e+44
119,1.351304892121e+01,2.932696464287e+01,7.297355039758e+38
120,1.673750550161e+01,5.084273369691e+01,2.794530016789e+44
121,1.772944602311e+01,3.747863604429e+01,3.516506863409e+44
122,2.578894831810e+01,5.744105635563e+01,1.719950943238e+45
123,8.761753424275e+00,4.834023140289e+01,8.840794319793e+33
124,1.391135198427e+01,3.342006169152e+01,7.057155826691e+43
125,1.636005044953e+01,3.256638631395e+01,7.057155091074e+43
126,1.187200150603e+01,2.828557497190e+01,6.004659907288e+44
127,1.413858834011e+01,5.469730723325e+01,1.077306875153e+44
128,1.137640133074e+01,2.911615675517e+01,1.412924212928e+45
129,1.355791324994e+01,3.483815016413e+01,6.632260853252e+44
130,1.324744290703e+01,2.730114742274e+01,9.402721555321e+44
131,1.226546844603e+01,3.987661777915e+01,7.057121069647e+43
132,2.099934854134e+01,3.251519866482e+01,2.801391980027e+44
133,1.392224537006e+01,3.148367853249e+01,7.099765890642e+43
134,1.514709072184e+01,2.270200640681e+01,7.057111740702e+43
135,1.249437528496e+01,2.222503543720e+01,1.069017386647e+44
136,2.174928810128e+01,8.221907956069e+01,1.641966183232e+45
137,1.370943483689e+01,2.210248717613e+01,7.057168740809e+43
138,1.849986512434e+01,5.197751815394e+01,1.157590004547e+34
139,2.196889661538e+01,6.215610315319e+01,2.807547927416e+44
140,1.980486401872e+01,3.812899107335e+01,1.076297223461e+44
141,1.093393000387e+01,2.467071605349e+01,6.762516949730e+44
142,1.383013493864e+01,2.342161860495e+01,3.421400190054e+44
143,1.728701045060e+01,3.966765456996e+01,3.417055207122e+44
144,2.348839911558e+01,4.490383310544e+01,1.086766928723e+45
145,1.303739006033e+01,3.335326113489e+01,1.423874164849e+45
146,1.849098818853e+01,4.710759005763e+01,6.607273613144e+44
147,1.432183343795e+01,3.546893216197e+01,7.145175443435e+43
148,1.470815008790e+01,3.294573026266e+01,3.506415494293e+44
149,1.442777371411e+01,3.784413365353e+01,3.506424858874e+44
150,1.562016997973e+01,2.922426512358e+01,2.801368505404e+44
151,1.572818353008e+01,3.103929843256e+01,2.801387812326e+44
152,1.299460009727e+01,3.365945784865e+01,9.402730821527e+44
153,1.470253734319e+01,3.243711749616e+01,7.057103431065e+43
154,1.490766824597e+01,2.345115317584e+01,6.006206407520e+44
155,2.227699392069e+01,3.410240594599e+01,1.066230636224e+44
156,1.567256096771e+01,4.145516990643e+01,1.066233200093e+44
157,1.513190420513e+01,1.926690599236e+01,4.235448673089e+44
158,3.437148518727e+01,4.956711630732e+01,1.066233743899e+44
159,2.405873212870e+01,3.959180209614e+01,6.773465686286e+44
160,1.525852914387e+01,3.425477682093e+01,3.401807565848e+44
161,1.391947658259e+01,3.891831843352e+01,1.071721987035e+44
162,1.429700358687e+01,4.880982997961e+01,7.145164632530e+43
163,1.876224242479e+01,1.074148872665e+02,1.066254648736e+44
164,1.655655746053e+01,3.656381906450e+01,6.817459810685e+33
165,1.391194110599e+01,2.828846456579e+01,6.021773234592e+44
166,2.324789678372e+01,2.983610589787e+01,1.853141618713e+45
167,1.326390727433e+01,4.835569955308e+01,1.069829448095e+44
168,1.595482694558e+01,3.663912264433e+01,7.057109833283e+43
169,1.487270549025e+01,6.826668621930e+01,1.071720345689e+44
170,1.521604418487e+01,4.275268864492e+01,7.102427341135e+43
171,1.862527154406e+01,3.147704573414e+01,4.251677268745e+44
172,1.305006899901e+01,3.167396652088e+01,3.506418254108e+44
173,1.922005340217e+01,4.868961127235e+01,3.516506469902e+44
174,2.002450301862e+01,5.964544300349e+01,4.254304320644e+44
175,2.046971162272e+01,3.409092808849e+01,2.796230592881e+44
176,1.535234050320e+01,3.924002257588e+01,1.071796308687e+44
177,1.370415006333e+01,2.632233481106e+01,6.214709112278e+44
178,1.121846010893e+01,4.281179817718e+01,7.057127738789e+43
179,1.428519496810e+01,2.787207832274e+01,7.168328954832e+44
180,1.957188575196e+01,3.841920274380e+01,8.220244493788e+44
181,1.436839880788e+01,2.916118878026e+01,2.801369768689e+44
182,1.817891228016e+01,4.947963970827e+01,6.195858869084e+44
183,1.076542510073e+01,2.851983340208e+01,1.075335435693e+44
184,1.514898128601e+01,2.510554170565e+01,1.066251284103e+44
185,1.567831338993e+01,3.753087726587e+01,1.066241666277e+44
186,1.539586119729e+01,2.430284349112e+01,7.286542407646e+38
187,1.621231091729e+01,3.531714678187e+01,9.402682699193e+44
188,1.594499986872e+01,1.643355580165e+01,2.322593871684e+45
189,1.788996652846e+01,2.559866727521e+01,3.506420422836e+44
190,1.205917570555e+01,2.645158369502e+01,7.102383636640e+43
191,1.746806411095e+01,3.865952634816e+01,8.156041676833e+44
192,1.559975344339e+01,2.929513822692e+01,1.082562972326e+44
193,2.222549486645e+01,4.992428997053e+01,1.425829222267e+45
194,1.541602278844e+01,2.682995201582e+01,7.145126544659e+43
195,1.483190987474e+01,2.652344066969e+01,7.079770151296e+43
196,1.943162948558e+01,1.600194726452e+02,1.069817595438e+44
197,2.074290605347e+01,3.447332118062e+01,1.321653809017e+45
198,2.350589928965e+01,4.587193739483e+01,7.057132109741e+43
199,1.523765336816e+01,3.336292712904e+01,7.145131918464e+43
200,1.406595528953e+01,5.184935855933e+01,4.251694062024e+44
201,1.868591715505e+01,4.476045024377e+01,7.057173455671e+43
202,2.145670115771e+01,4.883714021506e+01,1.074104876126e+44
203,2.934169770736e+01,3.599535645853e+01,4.241620796682e+44
204,1.618626445838e+01,4.027778475530e+01,6.315960895848e+44
205,1.284865737030e+01,4.139476495271e+01,1.100285882593e+45
206,1.182590003282e+01,8.695220539105e+01,8.206353026472e+44
207,1.406862847657e+01,2.933827431919e+01,1.066236879731e+44
208,1.168999590024e+01,4.352274913936e+01,1.071060597944e+44
209,1.340223029677e+01,2.839510790682e+01,7.099976692024e+43
210,1.906034573765e+01,5.373562258366e+01,7.060052740567e+44
211,1.910697726131e+01,9.054720721333e+01,1.076959475404e+44
212,1.287010035316e+01,3.953916206522e+01,3.052168023566e+34
213,1.248623581207e+01,3.380097938678e+01,1.081814566942e+44
214,1.233746965448e+01,4.367225064719e+01,1.876244018662e+44
215,8.907142434328e+00,3.275601491627e+01,9.388818656662e+44
216,1.437278191934e+01,4.012846547507e+01,3.504587338152e+44
217,1.706648953183e+01,5.416789139939e+01,2.645194503326e+44
218,2.160284082572e+01,5.517282744404e+01,2.642658129998e+44
219,1.109691860018e+01,2.281873725576e+01,2.642654128389e+44
220,1.684863307403e+01,3.978999224316e+01,7.145148120936e+43
221,1.577545068445e+01,3.250102438399e+01,7.041703159886e+43
222,1.574445629044e+01,4.176409889501e+01,6.210733197339e+44
223,1.554666763884e+01,2.397798621326e+01,1.071467760428e+44
224,1.714227707549e+01,3.054757107110e+01,1.360273260854e+45
225,1.241220524040e+01,3.853240939442e+01,7.057137807885e+43
226,1.704283492350e+01,4.012684251165e+01,7.102368321589e+43
227,1.259055361734e+01,3.808717151246e+01,1.071722878000e+44
228,2.272775798036e+01,4.075854071629e+01,7.099672714877e+43
229,2.274781951272e+01,2.835548147362e+01,2.889866451841e+39
230,2.327451735087e+01,3.087864672466e+01,4.232567346436e+44
231,1.195279585362e+01,2.783204553824e+01,7.800607021000e+44
232,1.217225581847e+01,2.831900148929e+01,6.315953253266e+44
233,1.551244485606e+01,3.597669957529e+01,3.487599444950e+44
234,1.696523264135e+01,3.730019068723e+01,3.496342103524e+44
235,1.797833276057e+01,2.525907701511e+01,2.886073045944e+39
236,1.837055928722e+01,5.208084701784e+01,2.801385012822e+44
237,1.897376635826e+01,4.886444713291e+01,3.421410121519e+44
238,3.073067873849e+01,4.557296061277e+01,1.161019015510e+45
239,1.324856963803e+01,2.934955930108e+01,1.066243853333e+44
240,1.873423301231e+01,2.978822005483e+01,1.296997348506e+45
241,1.187393909716e+01,3.110022693620e+01,2.738177561738e+33
242,2.864480818686e+01,2.612387149170e+01,7.102386366879e+43
243,2.778130143561e+01,2.397113477736e+01,7.057076523464e+43
244,1.837106119099e+01,7.662230890853e+01,7.211484470791e+44
245,1.891385917741e+01,2.962312519897e+01,2.887401937604e+39
246,1.419187605785e+01,2.938720551329e+01,4.243591339282e+44
247,1.914491090382e+01,2.340038765024e+01,4.242590322823e+44
248,1.271731552385e+01,3.616668567074e+01,9.214024551325e+44
249,2.620563168830e+01,5.748906253356e+01,3.516593700234e+44
250,2.008975715814e+01,4.844948605664e+01,4.232554347438e+44
251,1.713232741788e+01,4.843469155229e+01,4.232573116080e+44
252,1.692500734513e+01,4.544271898304e+01,2.703086030071e+45
253,1.916534404361e+01,2.985186577034e+01,1.066250293538e+44
254,1.868249085423e+01,2.858567348182e+01,1.069823132705e+44
255,1.603676632260e+01,4.537286975608e+01,7.057100613702e+43
256,1.340895140484e+01,6.375088464846e+01,3.506421136143e+44
257,2.068132210969e+01,2.915562715478e+01,3.515910060387e+44
258,2.220196017088e+01,3.355780577053e+01,7.158397171183e+43
259,1.753937730742e+01,2.665510157469e+01,5.731092366726e+44
260,1.366335164289e+01,3.501475863421e+01,4.238897354998e+44
261,1.642712510710e+01,3.246596590672e+01,7.102380657033e+43
262,1.726673017474e+01,4.692954818238e+01,4.037072145640e+44
263,1.312530801393e+01,3.310878534235e+01,6.497636721202e+44
264,1.401164856680e+01,2.418232770804e+01,4.242598748880e+44
265,2.185055082337e+01,7.542023301923e+01,1.069121087044e+44
266,1.631429083867e+01,5.803074492533e+01,2.348774448545e+45
267,1.727624224908e+01,2.566231973236e+01,4.232534576747e+44
268,1.417081959411e+01,3.691794305070e+01,7.057154878831e+43
269,1.742066193401e+01,2.757465310959e+01,4.233528559821e+44
270,1.565536685862e+01,3.475309064808e+01,7.057126164332e+43
271,1.410526055621e+01,2.987248374200e+01,1.166531654455e+45
272,1.026591618865e+01,3.748073775206e+01,7.057080245083e+43
273,1.782806144757e+01,3.915891157301e+01,4.232525574776e+44
274,1.493654929037e+01,2.601083622176e+01,7.294304059756e+38
275,1.560881448864e+01,3.081051587332e+01,2.801383066979e+44
276,1.076564182580e+01,2.352788278217e+01,7.057111959326e+43
277,1.255755186301e+01,4.422402038091e+01,2.783714410538e+44
278,1.368074347914e+01,3.422393659613e+01,7.057138584576e+43
279,9.397325085708e+00,4.229461701904e+01,6.218791909685e+44
280,1.472914697353e+01,4.099835913350e+01,6.023013061629e+44
281,1.498274822203e+01,4.287956076431e+01,7.287670951001e+38
282,3.347513548069e+01,3.780936747827e+01,3.516507839154e+44
283,1.902413994622e+01,3.782253969597e+01,3.506420010204e+44
284,1.428743493641e+01,5.353867680270e+01,4.254650479193e+44
285,1.335527272918e+01,2.802840527867e+01,5.628178700563e+33
286,1.923661673711e+01,4.575912591140e+01,1.077296931853e+44
287,1.633141112728e+01,2.644839723847e+01,1.071460710208e+44
288,1.706857219945e+01,9.974636043470e+01,3.504658978854e+44
289,1.639282058665e+01,3.648738830688e+01,2.801384645205e+44
290,2.835596422499e+01,3.198123344664e+01,1.883398942719e+33
291,1.214682328563e+01,5.122772643765e+01,3.494697867099e+44
292,1.871014680433e+01,2.367177304169e+01,7.485104282962e+44
293,1.434674078525e+01,3.363042439536e+01,2.801370987159e+44
294,2.153758847512e+01,4.432889146272e+01,9.402718568361e+44
295,1.941404573074e+01,2.485720572961e+01,2.801382812756e+44
296,1.201480814852e+01,5.670119842263e+01,1.071810666548e+44
297,1.268350181589e+01,3.199668378199e+01,5.731087424952e+44
298,1.780630721185e+01,2.915703326255e+01,7.312488473831e+38
299,1.810169330696e+01,4.856476876298e+01,1.066236995004e+44
300,1.496720072949e+01,7.632222485124e+01,8.201851411229e+44
301,1.893331582916e+01,3.299822175892e+01,6.196719183281e+44
302,2.029148090577e+01,6.997761401086e+01,7.157510671970e+43
303,1.569222975368e+01,2.274777242608e+01,4.232548823832e+44
304,1.673770240136e+01,2.824546067410e+01,5.881140013630e+33
305,1.187503061421e+01,2.511202649380e+01,3.401811240717e+44
306,1.388399104680e+01,4.058113660069e+01,3.496339174971e+44
307,1.568554154927e+01,3.453022687041e+01,5.731125638773e+44
308,1.154520335458e+01,2.986597424074e+01,6.406649761914e+33
309,1.441274846214e+01,4.247005367140e+01,8.221442796387e+44
310,1.929656919346e+01,4.498923226426e+01,4.240376285947e+44
311,1.693709146829e+01,3.959388482919e+01,7.283985875023e+38
312,2.758709712880e+01,4.060878780377e+01,6.214741530633e+44
313,1.358351838359e+01,1.964712006326e+01,1.071719272638e+44
314,1.694238039960e+01,3.542241662832e+01,2.783731578676e+44
315,1.331827270773e+01,4.438995173695e+01,1.076367035239e+44
316,1.927178721726e+01,4.175709008125e+01,1.071460645458e+44
317,2.734513785608e+01,4.206903826987e+01,4.972385892580e+44
318,1.016548841510e+01,3.383800205318e+01,9.413318171901e+44
319,1.389053249741e+01,3.061942516719e+01,7.060056135925e+44
320,1.381801809960e+01,2.797547011986e+01,7.180119051316e+43
321,9.575176582590e+00,1.725944262521e+01,9.402702599792e+44
322,2.213329571871e+01,3.183606945997e+01,2.792413640212e+44
323,1.536873348287e+01,2.542795072905e+01,3.526012235463e+44
324,2.798527821328e+01,3.516989938313e+01,8.228666506476e+44
325,2.665813470883e+01,3.356229489238e+01,1.071798776256e+44
326,2.471043896276e+01,4.837748614108e+01,7.134624390470e+43
327,1.672676377567e+01,4.469028765867e+01,3.506414081825e+44
328,1.728126815498e+01,2.473052073328e+01,1.964763969820e+45
329,1.781344887385e+01,6.431771279208e+01,7.100025703305e+43
330,1.990418268372e+01,4.782453219715e+01,1.066236624708e+44
331,1.054952564233e+01,2.368251302043e+01,7.094664281349e+43
332,2.074492885975e+01,3.606278935913e+01,8.221443694684e+44
333,1.059271202058e+01,7.207982975728e+01,8.219348687036e+44
334,1.043265676541e+01,2.920097170146e+01,1.068142041257e+34
335,1.656734032312e+01,2.247650535275e+01,2.794991976463e+44
336,2.034967705430e+01,5.139091623373e+01,1.875964977235e+44
337,1.584017863868e+01,1.869388184262e+02,1.010110863627e+45
338,1.511679977394e+01,3.330128586748e+01,1.203338771786e+45
339,1.946322711233e+01,7.277903762840e+01,7.057182239845e+43
340,1.559251392455e+01,2.751428126425e+01,2.009655164107e+45
341,1.664595573061e+01,4.546941878617e+01,3.401826724398e+44
342,1.468129524446e+01,4.816369155296e+01,4.243275763461e+44
343,1.206341818264e+01,4.714311636691e+01,3.506415413671e+44
344,1.261168482225e+01,2.712073176341e+01,1.066237496609e+44
345,1.333532186542e+01,3.838957067786e+01,1.077298230311e+44
346,1.148177048769e+01,2.493887435493e+01,8.048196448815e+33
347,1.432832221256e+01,2.623995333511e+01,6.794105087524e+44
348,1.305776983859e+01,2.149787532754e+01,2.801400348841e+44
349,1.246908958184e+01,2.960980909519e+01,3.401837144099e+44
350,1.520407036477e+01,3.943847456379e+01,7.057091699062e+43
351,1.555931612003e+01,4.125343844127e+01,3.506409607993e+44
352,2.142531130168e+01,3.241730009829e+01,7.352989038609e+44
353,1.825184150192e+01,3.352624305373e+01,3.516502502127e+44
354,1.408409324024e+01,3.075741737454e+01,1.653675712626e+45
355,1.463459995256e+01,4.147233792931e+01,9.402723599697e+44
356,1.196807100213e+01,3.247262348772e+01,1.071055439135e+44
357,1.960629750466e+01,3.577376416742e+01,3.506422464698e+44
358,1.374479580692e+01,4.093570786850e+01,1.074296213344e+45
359,2.246698299811e+01,3.881020279321e+01,3.401824142711e+44
360,2.022063800342e+01,4.862962541214e+01,7.140323636022e+43
361,1.426005342999e+01,5.374978914759e+01,1.745239675789e+45
362,1.264656410378e+01,3.676036833048e+01,6.010461644399e+44
363,1.915685222784e+01,2.652866617334e+01,2.793214965314e+44
364,1.464258479918e+01,2.649621475893e+01,1.071801730466e+44
365,1.823317366987e+01,4.122978467021e+01,2.801389779841e+44
366,1.681128136114e+01,2.453605452897e+01,2.885239207432e+39
367,1.508351795744e+01,5.324623699594e+01,1.066243034522e+44
368,2.272166599131e+01,5.849935148387e+01,5.239444206185e+44
369,1.879969139478e+01,2.054356383409e+01,1.077298792144e+44
370,9.748850858300e+00,2.787470017895e+01,1.480754829920e+45
371,2.217315470293e+01,6.994343623387e+01,1.476583569328e+45
372,1.032594310417e+01,2.140868431158e+01,7.060079120309e+44
373,1.173418420566e+01,2.596510185237e+01,1.071801407673e+44
374,1.249340036910e+01,4.835123888486e+01,6.713422298469e+33
375,1.460441175572e+01,3.417098238784e+02,1.066233650501e+44
376,1.618777274218e+01,2.703414601680e+01,7.102404142384e+43
377,1.506724073690e+01,3.453430726298e+01,1.066243857662e+44
378,1.082657234590e+01,3.541145553712e+01,3.401633434849e+44
379,1.579787387386e+01,4.258538022274e+01,7.102377178637e+43
380,1.803316688803e+01,4.602914736849e+01,9.402747313461e+44
381,2.320363120709e+01,3.530802664124e+01,7.281452636639e+38
382,1.565622275675e+01,3.189299807138e+01,7.290670777637e+38
383,1.152060675387e+01,6.320485028931e+01,1.066232157248e+44
384,2.191827014633e+01,3.055866048254e+01,1.075333843185e+44
385,1.455752814657e+01,2.925755038291e+01,3.416607972007e+44
386,1.172981607399e+01,3.201584315929e+01,9.402673404651e+44
387,1.303498157609e+01,2.958183824045e+01,6.606038801089e+33
388,2.275697342147e+01,4.586413252363e+01,2.655026774032e+44
389,1.364723289467e+01,5.140024246878e+01,7.057137724429e+43
390,1.692117957530e+01,4.001396398137e+01,7.057133685148e+43
391,1.341797188403e+01,2.468007908520e+01,3.506420752673e+44
392,1.361656180275e+01,6.470621533929e+01,1.074293373904e+45
393,2.057821552160e+01,4.223908155523e+01,1.323479035647e+45
394,1.580976738874e+01,4.129235515824e+01,3.405373024264e+44
395,2.235125399414e+01,3.539324796229e+01,1.086108717701e+44
396,1.261731845101e+01,3.046792288701e+01,4.232554475142e+44
397,1.650840723164e+01,4.795382056215e+01,4.979160634522e+44
398,1.646982092902e+01,5.866699552766e+01,7.102416278315e+43
399,2.205504990380e+01,3.302162075299e+01,7.057112680395e+43
400,2.074704012647e+01,7.338838970693e+01,4.243259467448e+44
401,1.766243000511e+01,3.367828914829e+01,2.774824420112e+44
402,1.998890471257e+01,4.090970486290e+01,1.628940763448e+45
403,2.111255890274e+01,4.313625186578e+01,7.287748630137e+38
404,1.565166797342e+01,2.073734751046e+01,2.787647712556e+44
405,1.658798011922e+01,4.279986037807e+01,3.506422412474e+44
406,2.235224586030e+01,3.960547500696e+01,1.066247517247e+44
407,1.534167731205e+01,8.432055361448e+01,4.232557449029e+44
408,1.196324537911e+01,3.264054018740e+01,2.088643269049e+45
409,1.689202979561e+01,4.614641648204e+01,7.157482347776e+43
410,1.277663857653e+01,4.627525565159e+01,2.890179451564e+39
411,1.456534698017e+01,3.067147843126e+01,3.506420365405e+44
412,1.793276618582e+01,4.191685639176e+01,3.506411841721e+44
413,1.089532801691e+01,3.535676502934e+01,2.087583782182e+45
414,1.485531123169e+01,3.117749699901e+01,3.507320668292e+44
415,1.810408262416e+01,6.671139658674e+02,2.664264524507e+44
416,1.302275456672e+01,3.440954439742e+01,1.470744057391e+44
417,1.775606170707e+01,3.598126438474e+01,9.421616064301e+44
418,2.435632219098e+01,6.344453930240e+01,1.474318753763e+44
419,2.863488167556e+01,2.807353944715e+01,7.115425573220e+43
420,1.564314284760e+01,3.995064493806e+02,1.337147099679e+45
421,1.846326437574e+01,3.086213473784e+01,3.506428785108e+44
422,1.285262783436e+01,2.354942364825e+01,1.643508101677e+45
423,1.643378264796e+01,6.207949136595e+01,6.413918864239e+39
424,1.617241131567e+01,3.697477387833e+01,6.180352337554e+44
425,1.521452439350e+01,2.772089088284e+01,7.102435566397e+43
426,1.601744928568e+01,2.695535802618e+01,1.071761919000e+44
427,1.553223784341e+01,4.323298620199e+01,1.178457251906e+45
428,1.474249462294e+01,4.349735368866e+01,7.102451900619e+43
429,2.101178673329e+01,3.035321787031e+01,7.140315564691e+43
430,1.653111952661e+01,2.491904414547e+01,3.401816011887e+44
431,1.625321487866e+01,4.847501803927e+01,7.060063822913e+44
432,2.707808083174e+01,1.996924849007e+02,1.340058751297e+45
433,1.843250678729e+01,3.052286703768e+01,1.178577736079e+45
434,2.223023381137e+01,2.160315383675e+01,2.801369753911e+44
435,1.135010085118e+01,2.282146096711e+01,1.066239162832e+44
436,1.261932294562e+01,2.108457341029e+01,7.102394619780e+43
437,2.088113224979e+01,3.326330016324e+01,2.637060480281e+44
438,1.739456842551e+01,3.077619993969e+01,3.408342720323e+44
439,1.656009522577e+01,2.331818335246e+01,4.232536523085e+44
440,1.150132702850e+01,2.717461152893e+01,7.079838359755e+43
441,1.342742223554e+01,2.610960602809e+01,1.066241298926e+44
442,1.609533979274e+01,6.573984798553e+01,2.782515159375e+44
443,1.658975074066e+01,3.514916050240e+01,7.782155803545e+44
444,2.795556048064e+01,8.823989783906e+01,8.221701441023e+44
445,3.189353057276e+01,4.883904335772e+01,3.043256731534e+45
446,1.861034708787e+01,2.486774017474e+01,8.215691196265e+44
447,1.525655988369e+01,1.028952014511e+02,3.506407216903e+44
448,2.072764455240e+01,5.922744859142e+01,1.066233342934e+44
449,1.564213077889e+01,3.196831434353e+01,3.496342945109e+44
450,2.844843488293e+01,4.890766340474e+01,1.204679582344e+45
451,1.275316918547e+01,3.440815357733e+01,1.066249427802e+44
452,1.344985343923e+01,2.575089426852e+01,6.549045019666e+33
453,2.378525262783e+01,7.170373968013e+01,3.401824380877e+44
454,1.425045577662e+01,3.278563898212e+01,4.243261922414e+44
455,1.864016555576e+01,4.727796959251e+01,1.083442512745e+45
456,1.435318545622e+01,3.777188767663e+01,1.066245914950e+44
457,1.445615540034e+01,3.945284845763e+01,7.102382404732e+43
458,1.431484679377e+01,3.469021455412e+01,3.506422744720e+44
459,1.477321479946e+01,3.703310039786e+01,2.801370188351e+44
460,1.590411375380e+01,4.314192630311e+01,4.243252856585e+44
461,1.417115349864e+01,3.465139083829e+01,7.289025784708e+38
462,1.517273234037e+01,3.067260858746e+01,3.516508712019e+44
463,1.525258564061e+01,3.582943971950e+01,7.292742708118e+38
464,1.460165270666e+01,2.423339400617e+01,3.506421255388e+44
465,2.396485474128e+01,3.923009281909e+01,9.414290395275e+44
466,2.063399894519e+01,8.737219874886e+01,4.232556380707e+44
467,1.179059320114e+01,3.467833140466e+01,7.286825378666e+38
468,1.931941029837e+01,4.750874212856e+01,1.791874167013e+45
469,2.119678359456e+01,2.577816116217e+01,2.973200228930e+44
470,1.190488764980e+01,2.284375606010e+01,3.516508343879e+44
471,1.768492480193e+01,6.772155447316e+01,6.497666859719e+44
472,2.339717776842e+01,2.401171484566e+01,7.792793413526e+44
473,1.349307715654e+01,2.671319066535e+01,4.246781866421e+44
474,1.373170168499e+01,3.054510773387e+01,3.411639457740e+44
475,2.630892702020e+01,5.163581771965e+01,7.276596251784e+38
476,1.545089116688e+01,3.776725030095e+01,5.643823573737e+33
477,1.932811894269e+01,3.288098775747e+03,7.102456981030e+43
478,1.602069378157e+01,2.358342832836e+01,7.057154176606e+43
479,1.267878417401e+01,3.498790108493e+01,1.074293968778e+45
480,1.702459493042e+01,2.861796862377e+01,3.494695536273e+44
481,1.654567861213e+01,3.115950212092e+01,2.801390412161e+44
482,1.591692078419e+01,3.631597345322e+01,9.484455324777e+44
483,1.438966461626e+01,3.667993242662e+01,7.099715047754e+43
484,2.039209969880e+01,3.723339166608e+01,7.102371071694e+43
485,1.750978300452e+01,3.736273216210e+01,1.066232585503e+44
486,2.019071731601e+01,3.563398006628e+01,1.498191398307e+45
487,1.897740255275e+01,2.698240791853e+01,3.042634722204e+33
488,1.640285683807e+01,2.093035763885e+01,1.071859102277e+44
489,1.557006693409e+01,3.298559703610e+01,1.071725726219e+44
490,3.329717390850e+01,6.917598127986e+01,1.079347050091e+45
491,3.586979755518e+01,5.089569972583e+01,6.413836959281e+39
492,1.690594541327e+01,3.508791850148e+01,7.050075091484e+44
493,1.620382979982e+01,2.614458728419e+01,2.783456224195e+44
494,1.502254497607e+01,3.366534917751e+01,6.626068056358e+44
495,1.345572653632e+01,3.781458756774e+01,1.850609096922e+45
496,1.307379790489e+01,3.397856205241e+01,2.801387784629e+44
497,2.003305014497e+01,5.150461715809e+01,7.057125456751e+43
498,1.650497784389e+01,2.462962101155e+01,2.890422198019e+39
499,1.425157827468e+01,6.246962875511e+01,2.792440040073e+44
500,2.180593023072e+01,3.694560219667e+01,1.069123390323e+44
501,1.907669279833e+01,5.407495434507e+01,1.071792862797e+44
502,1.308027065156e+01,2.232320500492e+01,1.875977211505e+44
503,1.220164204923e+01,4.891214801724e+01,2.792676429429e+44
504,1.403989345268e+01,3.243111520684e+01,6.417140131803e+39
505,1.367609366396e+01,3.122538536119e+01,7.275889095628e+38
506,1.777635048175e+01,4.053502719879e+01,9.446688047744e+44
507,1.755983306393e+01,3.439805991591e+01,1.319695606813e+45
508,1.443764809882e+01,3.018938564137e+01,1.077304330788e+44
509,1.307288087003e+01,2.589664939542e+01,2.909345518727e+45
510,1.643023202262e+01,5.175085205627e+01,7.102407483044e+43
511,1.739994671216e+01,4.906458231257e+01,6.210718636769e+44
512,1.535650974880e+01,2.735294878339e+01,4.972387826427e+44
513,1.247268908749e+01,3.133776473147e+01,7.281367560788e+38
514,1.418949874795e+01,3.753735578195e+01,1.470742496285e+44
515,2.176186383322e+01,4.386149866113e+01,6.204732861621e+44
516,2.181956134278e+01,2.772184509227e+01,7.102433221873e+43
517,1.301015742491e+01,2.583701349186e+01,6.210109973761e+44
518,1.728243190225e+01,5.938386869410e+01,2.890752096224e+39
519,1.502058574611e+01,2.705256237852e+01,1.066237597041e+44
520,1.625055081823e+01,3.278696475400e+01,1.319998949339e+45
521,2.011408555849e+01,3.633639435657e+01,7.134538997375e+43
522,1.170607963395e+01,2.827731122240e+01,3.408332567198e+44
523,2.490899900285e+01,2.883379285283e+01,1.071766427026e+44
524,1.647315797733e+01,4.090723603956e+01,1.561963090772e+45
525,1.742295535431e+01,2.212832945958e+01,9.402726867117e+44
526,2.596592014655e+01,6.505465506800e+01,8.267114340008e+44
527,1.892258763353e+01,4.030485944795e+01,2.687661089099e+33
528,1.051095990036e+01,4.069912470644e+01,2.801383904361e+44
529,1.385301258791e+01,3.032623197913e+01,1.411255316082e+45
530,1.743599879228e+01,3.466062186899e+01,2.801368787156e+44
531,5.055737841509e+01,3.802358083289e+01,1.081764143024e+44
532,1.596415219275e+01,3.397750370505e+01,3.001237819231e+45
533,1.506429399891e+01,3.702002201761e+01,2.801375656222e+44
534,1.843713518513e+01,3.539426735501e+01,2.645203630663e+44
535,1.160670636637e+01,3.996221237872e+01,1.360270601770e+45
536,1.553662453279e+01,6.159412361847e+01,6.408900835555e+39
537,1.016027457367e+01,5.015863555739e+01,7.057154862653e+43
538,1.263942877190e+01,3.607312297401e+01,7.057125955522e+43
539,1.299697463975e+01,2.633457430304e+01,1.077757709400e+45
540,2.092087147741e+01,2.230323509206e+01,2.639174705857e+44
541,1.721303755114e+01,4.270434707520e+01,2.801387172557e+44
542,1.334174259609e+01,3.146094267433e+01,2.115801702560e+34
543,1.117659622940e+01,4.342257254387e+01,6.209609812783e+44
544,1.719660932309e+01,5.290980307655e+01,1.072470091471e+45
545,1.548173908913e+01,7.849315482327e+01,3.506419580333e+44
546,1.148990867009e+01,2.337937327644e+01,1.071718775634e+44
547,1.099976987784e+01,3.372701091882e+01,7.057342422244e+43
548,2.033431815127e+01,5.018481540779e+01,1.325333834585e+45
549,1.350421986445e+01,2.574852877327e+01,2.801389049583e+44
550,2.113803243313e+01,3.398795629576e+01,1.204106477149e+45
551,1.537524195346e+01,5.212195348225e+01,1.645296165309e+45
552,1.753592992440e+01,5.004250272448e+01,6.221047237470e+44
553,1.348521118459e+01,2.851455094545e+01,1.075332298963e+44
554,1.045305540698e+01,3.409303876723e+01,4.232535734941e+44
555,1.378211860171e+01,3.733210007078e+01,7.057095406559e+43
556,1.254663535061e+01,4.174919066829e+01,7.057556739805e+44
557,1.360479661639e+01,4.166960572548e+01,4.232559294482e+44
558,1.519920262693e+01,3.127715626813e+01,4.253308429649e+44
559,1.951891423021e+01,3.466440806928e+01,3.516530032718e+44
560,2.815142647048e+01,2.766347284481e+01,9.415346368276e+44
561,1.957844203639e+01,3.375128772134e+01,1.204104275918e+45
562,1.497231436555e+01,4.035599891830e+01,1.071718384428e+44
563,1.602920636995e+01,2.696325355376e+01,7.102397878905e+43
564,9.753227209704e+00,4.489932617873e+01,1.071760980608e+44
565,1.149753322516e+01,2.206967776233e+01,7.284971486247e+38
566,1.481920453429e+01,2.539878611142e+01,7.379565957177e+44
567,1.641359265612e+01,1.649410129979e+02,2.639184758257e+44
568,1.131647946758e+01,5.079063342739e+01,3.447993446982e+33
569,1.630336744626e+01,8.717363225017e+01,7.057076417015e+43
570,1.096212383629e+01,4.099893100025e+01,3.420105516081e+44
571,1.989431320807e+01,4.926570660300e+01,3.410328213575e+44
572,1.525038088547e+01,2.985682322347e+01,5.999864565519e+44
573,1.335130251696e+01,3.997891606909e+01,9.415353916416e+44
574,1.629609163354e+01,3.778268433242e+01,4.243589621779e+44
575,1.777870457946e+01,2.071630218305e+01,9.408338872542e+44
576,1.225489517247e+01,3.221224098924e+01,1.071053722153e+44
577,3.020137365719e+01,3.523241353117e+01,7.843950874432e+44
578,2.463623740521e+01,4.163951300677e+01,3.523645395639e+44
579,1.770992890292e+01,2.626807483181e+01,7.102367641277e+43
580,1.425889774313e+01,2.806254120828e+01,7.117808993744e+43
581,1.523141622612e+01,1.834916126618e+02,6.191801706458e+44
582,1.647945849233e+01,3.503932390057e+01,7.066964554282e+43
583,1.698003536174e+01,2.898137021446e+01,7.363867451265e+44
584,1.807415077007e+01,4.574656313353e+01,4.237220110023e+44
585,1.792852778037e+01,2.751799296108e+01,4.763084666025e+33
586,1.726443082436e+01,6.860826343969e+01,7.784379806704e+44
587,1.059974090570e+01,3.616996613534e+01,7.274202183489e+38
588,1.404268197107e+01,3.277453064239e+01,6.618415793667e+44
589,9.456964363771e+00,2.871329393184e+01,7.099716789959e+43
590,1.630348245955e+01,2.017138820718e+01,2.799035511589e+44
591,1.405109590922e+01,3.040672496579e+01,1.075337025875e+44
592,1.865236047992e+01,4.490371173306e+01,1.325028492383e+45
593,2.473809694769e+01,7.544247513457e+01,1.087413665478e+44
594,1.507202776779e+01,4.436150043547e+01,1.268654885842e+45
595,1.683116201275e+01,4.080344043393e+01,7.289783630338e+38
596,1.617965754089e+01,5.373946784871e+01,6.010459414619e+44
597,1.612155765218e+01,3.864557160890e+01,4.241639926631e+44
598,1.989379763401e+01,3.119523591364e+01,1.066246391831e+44
599,2.014075304632e+01,2.996598215763e+01,7.285474328594e+38
600,1.140975867174e+01,2.541852840093e+01,6.223333517602e+44
601,1.567054460501e+01,4.167707239003e+01,1.178577473341e+45
602,1.960090708561e+01,8.463808228217e+01,1.067436924237e+44
603,1.422684158822e+01,4.004184240840e+01,9.402728344250e+44
604,1.733701725054e+01,6.466106603618e+01,4.232542644184e+44
605,1.132442666794e+01,3.247537081674e+01,7.041706510140e+43
606,1.968522629614e+01,3.298992629541e+01,1.179508211496e+34
607,1.444186113503e+01,2.724535588272e+01,7.188050892981e+43
608,1.780572690435e+01,3.270308908241e+01,7.102369152476e+43
609,1.570756387394e+01,2.395678035034e+01,3.805415164445e+44
610,1.110403191181e+01,3.453073062558e+01,1.076038732051e+44
611,1.528367124344e+01,2.604192074681e+01,7.102424732753e+43
612,2.121022939631e+01,1.709596393713e+02,6.514959419548e+44
613,1.142899262761e+01,2.408726320565e+01,8.190722261132e+44
614,1.228759464734e+01,2.068159953543e+01,2.792403158993e+44
615,1.806072468133e+01,3.084403565325e+01,7.102426934113e+43
616,1.826766475814e+01,3.530557811047e+01,6.773043942524e+44
617,1.971238004274e+01,3.953477725977e+01,7.057347277780e+43
618,2.168997994356e+01,3.509821005459e+01,6.223333989728e+44
619,1.663236111186e+01,3.085952606535e+01,1.740047816650e+33
620,1.874916927038e+01,6.010251953640e+01,7.168281609333e+44
621,1.142557496647e+01,2.546829140758e+01,2.890652935025e+39
622,2.078344941495e+01,2.535936656543e+01,3.411333551935e+44
623,1.696634622972e+01,3.046064086253e+01,7.134546035783e+43
624,1.414661391319e+01,3.521340134068e+01,6.764593836350e+44
625,1.756963456126e+01,4.313843254119e+01,2.801387837424e+44
626,1.337737133277e+01,2.949095862211e+01,1.066243379596e+44
627,1.955814429470e+01,2.180773908298e+01,1.066236612146e+44
628,1.797539752845e+01,3.079491342018e+01,7.143860496365e+44
629,1.353105830256e+01,3.305164529445e+01,4.243253157937e+44
630,1.664885398381e+01,3.273662768480e+01,1.320645709210e+45
631,1.029143141160e+01,2.827506656466e+01,9.402730943157e+44
632,1.340368781339e+01,2.535597038234e+01,7.099685305679e+43
633,1.580273376959e+01,4.000299811526e+01,1.066239218938e+44
634,1.443582847861e+01,2.369278480397e+01,2.971672212155e+44
635,2.008270038722e+01,3.901522026163e+01,7.285548221372e+38
636,1.919958422659e+01,2.541755959711e+01,9.402752239788e+44
637,1.336107334009e+01,2.784681290839e+01,4.637088861184e+44
638,1.472680812863e+01,5.492862649467e+01,3.506417315896e+44
639,1.922847459350e+01,2.718357872379e+01,2.621120758752e+33
640,1.621887375694e+01,4.279487459326e+01,5.735855584042e+44
641,1.733961960014e+01,4.134402170192e+01,2.887060677188e+39
642,1.439659686993e+01,2.524326253298e+01,2.792397077468e+44
643,2.059002545085e+01,3.374681114031e+01,1.204887396950e+45
644,1.781489931554e+01,4.543309491922e+01,1.085053833238e+45
645,1.564684409482e+01,3.903308253151e+01,1.071761605031e+44
646,3.841755142510e+01,4.716441044236e+01,1.066248844127e+44
647,1.267089038533e+01,5.162498655153e+01,7.057072142468e+43
648,2.687388308836e+01,7.043429246922e+01,1.096921576450e+45
649,1.098704146508e+01,3.942086720108e+01,1.293202809042e+45
650,1.392471375867e+01,5.361027966134e+01,7.352956592075e+44
651,1.807258221309e+01,3.480123115235e+01,3.506420411634e+44
652,1.603371296508e+01,3.523746927556e+01,6.008584848043e+44
653,1.835062265088e+01,4.454154412134e+01,4.232565472194e+44
654,1.901824067521e+01,5.906434963032e+01,1.322231192034e+45
655,1.735947303136e+01,2.939834297181e+01,6.204711402246e+44
656,1.593339300278e+01,4.051281674594e+01,1.066237731973e+44
657,9.749069940269e+00,2.301439851852e+01,3.516502014458e+44
658,2.232121448928e+01,3.004118942204e+01,7.102377366451e+43
659,1.739257114369e+01,6.099553468427e+01,6.021777288657e+44
660,1.750056087254e+01,3.531912163662e+01,6.785558340786e+33
661,1.880030857321e+01,2.255013534514e+01,3.506414814693e+44
662,2.404784922340e+01,3.391472952240e+01,3.506414377895e+44
663,1.730891994185e+01,4.275610883693e+01,4.232562745202e+44
664,1.161440517197e+01,2.515530847305e+01,4.043843064338e+44
665,1.547654514497e+01,4.118961538107e+01,2.785858440053e+44
666,1.824184538682e+01,3.643154720573e+01,2.105949771972e+33
667,1.625085869461e+01,3.714625895732e+01,3.496348487619e+44
668,1.241674299272e+01,3.067208810832e+01,6.021782272208e+44
669,1.538758167480e+01,6.247967253634e+01,6.849639907776e+33
670,1.374186428227e+01,2.478676641602e+01,7.286167336184e+38
671,2.199706113096e+01,3.866967057264e+01,1.866806170136e+44
672,1.347819833857e+01,4.957594140247e+01,7.145176053592e+43
673,1.427638440044e+01,2.502085312391e+01,9.402725825596e+44
674,1.442862022710e+01,3.325193771348e+01,8.220152685621e+44
675,1.854215106021e+01,4.682137978918e+01,1.849958323764e+45
676,1.804514039071e+01,6.345141760620e+01,6.618440703052e+44
677,1.896505431341e+01,4.141455734554e+01,7.353006648328e+44
678,1.723056380472e+01,3.037316284359e+01,6.413103853977e+39
679,1.550827658072e+01,2.309001615321e+01,7.061301027568e+44
680,2.677467183946e+01,4.591526552023e+01,2.889973126602e+39
681,1.481792117546e+01,3.822664424356e+01,1.790912502268e+45
682,1.654586721298e+01,3.048737884767e+01,3.506417948369e+44
683,1.340673293677e+01,2.866540499791e+01,4.235386623357e+44
684,1.519459540967e+01,1.976963994130e+01,1.085507651016e+45
685,1.850234107975e+01,2.332624030225e+01,1.331413937120e+45
686,2.029391072635e+01,2.540102415023e+01,1.025093574799e+45
687,1.658165922962e+01,3.899452564306e+01,7.057065091426e+43
688,1.572688691574e+01,5.107640893672e+01,1.019708429010e+34
689,1.788782201723e+01,2.886778531287e+01,3.401821607314e+44
690,2.432513766274e+01,4.405503453156e+01,3.401823829545e+44
691,1.695203585440e+01,1.904343308885e+02,6.497658307822e+44
692,1.813801817060e+01,5.596802290351e+01,2.890195389734e+39
693,1.570183473106e+01,3.116711397885e+01,2.889917428947e+39
694,1.384951366494e+01,3.938869128895e+01,9.561518207086e+44
695,1.489850641651e+01,2.733796204592e+01,2.891412980697e+39
696,1.681762452175e+01,6.573017573540e+01,1.068158879224e+44
697,1.493364422825e+01,4.260995430123e+01,8.195135708749e+44
698,2.120739395712e+01,6.053801350008e+01,3.492320345668e+44
699,1.733338441623e+01,3.391345867835e+01,1.066236396337e+44
700,1.855531060608e+01,2.794579988638e+01,1.114329131310e+34
701,2.061955709089e+01,5.762036430279e+01,4.026258560793e+33
702,1.538885887798e+01,5.096302617396e+01,2.576017684749e+45
703,1.952948367435e+01,4.927867337279e+01,9.378278676993e+44
704,1.356879394451e+01,2.709830961273e+01,2.794006282374e+44
705,1.874274948124e+01,4.963203399267e+01,3.493520928142e+44
706,1.543226226928e+01,6.308950171234e+01,7.057127481084e+43
707,1.588557261858e+01,2.345817891426e+01,4.243258591159e+44
708,1.633969008666e+01,4.888719017116e+01,2.888691069110e+39
709,1.228612646777e+01,4.315260672448e+03,1.066242375031e+44
710,1.697434259249e+01,2.651652142810e+01,8.193430448889e+44
711,1.671828889579e+01,2.432164326162e+01,7.283482999591e+38
712,2.274472178128e+01,3.162010993921e+01,3.389575693212e+44
713,1.684122042645e+01,5.195879995021e+01,4.232548730661e+44
714,2.419601994979e+01,3.864678774240e+01,1.641400567348e+45
715,1.434410178299e+01,4.347265256412e+01,4.240401548722e+44
716,1.718067754043e+01,3.570599813373e+01,1.066237560761e+44
717,1.775417957742e+01,3.883776998841e+01,3.490252589342e+44
718,1.481917542813e+01,4.222638672666e+01,3.417052194688e+44
719,1.127559614524e+01,4.586198079582e+01,4.232516160821e+44
720,1.688781887464e+01,4.203089386211e+01,1.161020562457e+45
721,2.376965813702e+01,4.155798872924e+01,6.223345055973e+44
722,1.273373679402e+01,3.994098969812e+01,3.392328315451e+33
723,1.431947270550e+01,6.073092666507e+01,3.496337611728e+44
724,1.682093161780e+01,4.292063715097e+01,8.206392633300e+44
725,1.618317811504e+01,2.018674062869e+01,7.057128847015e+43
726,1.454568486990e+01,4.536604356195e+01,1.066245740660e+44
727,1.476015915625e+01,2.437751491353e+01,2.807563679900e+44
728,2.742693083466e+01,4.190588821232e+01,8.206416960600e+44
729,2.838213440817e+01,2.670553704353e+01,4.237252777275e+44
730,1.903994619500e+01,2.014790375333e+01,1.041298439520e+45
731,2.046103859157e+01,3.311593575280e+01,6.411011480614e+39
732,1.485348786240e+01,3.376359195767e+01,3.506418009658e+44
733,1.696198895053e+01,3.566170476517e+01,6.023518339601e+44
734,1.159677511664e+01,2.295515622341e+01,1.774018319271e+45
735,1.110556987079e+01,4.968427182463e+01,1.066240447704e+44
736,2.016509457381e+01,5.715212828815e+01,1.066239689695e+44
737,1.660092232327e+01,6.129827860038e+01,1.088082794480e+44
738,1.945847722654e+01,2.545633451268e+01,2.783720417037e+44
739,1.141584141985e+01,2.861254531521e+01,4.241637595202e+44
740,2.016648829513e+01,3.063958569917e+01,6.755817148581e+44
741,1.350561185930e+01,3.274448945813e+01,7.168285951189e+44
742,1.614721914718e+01,3.216981485561e+01,2.785853851454e+44
743,1.615660654715e+01,2.925872038766e+01,3.516513745803e+44
744,1.146033438143e+01,3.793297177811e+01,8.200374999458e+44
745,1.533179727803e+01,3.944803316193e+01,3.506426752990e+44
746,1.780500038106e+01,3.756272491127e+01,7.102432380150e+43
747,1.524610293408e+01,4.038691780863e+01,4.875748781711e+44
748,1.442312916787e+01,3.624173269865e+01,8.206413874299e+44
749,1.850212368218e+01,2.833856412137e+01,4.246767125033e+44
750,2.222613252430e+01,3.665112619592e+01,3.496342857854e+44
751,1.362393153280e+01,3.178130160946e+01,7.134567752464e+43
752,1.434792646335e+01,2.993483065033e+01,3.506418627966e+44
753,1.161263401321e+01,2.738782383719e+01,2.887025122975e+39
754,1.571831315188e+01,4.609160595703e+01,3.516511067761e+44
755,1.063138993002e+01,3.283680121169e+01,7.299042251958e+38
756,1.723311513366e+01,2.759188094641e+01,7.041697416676e+43
757,1.664303834738e+01,7.459116609245e+01,7.282269695595e+38
758,1.547257630161e+01,3.391604099506e+01,7.784388178221e+44
759,2.112354221055e+01,4.080702732121e+01,1.204280471946e+45
760,1.336436375559e+01,2.455156778549e+01,7.057109982663e+43
761,1.107860961580e+01,3.247911860220e+01,7.057118132172e+43
762,1.863197123488e+01,3.293479961759e+01,2.889130484141e+39
763,1.776412007019e+01,5.622040523932e+01,2.304962319120e+34
764,1.616290993027e+01,3.272259712328e+01,4.045954797176e+44
765,1.481336701050e+01,4.703775448693e+01,1.071060082849e+44
766,1.661783959871e+01,2.763119783137e+01,4.043812196831e+44
767,1.381489307549e+01,3.137760246507e+01,5.986836248800e+44
768,1.586077168780e+01,5.537007436267e+01,2.801381514121e+44
769,1.266907230417e+01,4.275392594536e+01,4.240146439545e+44
770,1.378211986347e+01,3.231492475564e+01,4.857965968492e+44
771,2.527374596787e+01,5.328218547104e+01,7.057115756262e+43
772,8.224860791908e+00,2.511487294047e+01,7.102410942800e+43
773,2.522027837200e+01,3.424555913988e+01,3.680817519354e+44
774,1.655113803444e+01,4.715866505681e+01,7.057176961353e+43
775,1.662741093764e+01,2.984589729113e+01,1.066236276840e+44
776,2.132561618865e+01,3.772496629134e+01,1.066241516511e+44
777,2.069074100320e+01,7.435348330196e+01,7.065285241007e+44
778,1.566410924675e+01,2.449535303705e+01,4.974175177612e+44
779,1.322172358997e+01,3.154411778651e+01,3.816005139333e+44
780,1.678769506961e+01,4.024315623216e+01,9.446682302854e+44
781,1.003573886696e+01,3.519983815449e+01,1.074117010612e+44
782,1.435329581966e+01,3.023446909335e+01,7.036496729258e+44
783,3.137275163115e+01,5.112416937024e+01,4.242573331364e+44
784,1.662348183061e+01,4.377412280429e+01,1.070887069326e+44
785,1.687330552353e+01,3.799132603610e+01,6.386624464810e+44
786,1.917709504334e+01,2.948275645810e+01,2.801388716428e+44
787,1.455647878018e+01,2.995735691431e+01,3.506415922239e+44
788,1.769110282401e+01,6.062380755054e+01,2.801365054940e+44
789,1.260935134160e+01,2.747971064047e+01,2.973192125986e+44
790,1.486379511189e+01,5.694656165554e+01,1.071810405977e+44
791,1.406558923627e+01,2.760558742811e+01,1.191137517755e+45
792,1.366843728438e+01,2.893449241945e+01,4.241608212266e+44
793,1.893211142657e+01,6.247435063474e+01,1.077308541397e+44
794,1.590411665927e+01,5.011996722030e+01,7.102397540691e+43
795,1.553341626256e+01,5.619267205839e+01,4.241640818070e+44
796,1.528816852474e+01,2.631940642222e+01,1.066243228326e+44
797,1.626505716575e+01,2.926593552425e+01,4.232552629645e+44
798,9.364921525641e+00,5.876076103457e+01,7.057093240240e+43
799,9.736240931224e+00,3.803428948985e+01,3.516505416691e+44
800,1.403925277482e+01,4.350647268728e+01,1.071719139802e+44
801,2.052396684206e+01,4.497537733025e+01,6.210742646483e+44
802,1.509747795989e+01,5.745530298126e+01,1.075096820257e+44
803,1.587835526093e+01,9.942756143198e+01,1.081811217152e+44
804,1.384704432924e+01,3.139655587455e+01,4.232560331166e+44
805,1.644496102919e+01,3.372597635143e+01,1.066240791082e+44
806,1.844704190540e+01,3.528144160073e+01,7.829676619620e+44
807,1.275153418912e+01,2.778604109813e+01,9.405548265901e+44
808,1.604623549486e+01,4.848890252212e+01,1.066247542552e+44
809,1.928483318208e+01,2.702458505153e+01,7.319594264141e+44
810,1.661803553006e+01,4.472823515598e+01,1.872785725638e+44
811,9.992753453113e+00,2.913790216562e+01,1.066237661520e+44
812,1.650501643867e+01,2.851835918348e+01,7.352988001549e+44
813,2.125111873959e+01,2.680703593086e+01,3.516504499401e+44
814,1.512749661049e+01,3.089182948759e+01,3.421408325154e+44
815,1.888016219114e+01,3.111664722732e+01,9.417000778225e+44
816,1.505705210790e+01,8.027521393160e+01,7.308038499171e+38
817,1.216349293893e+01,4.014191558360e+01,7.057247451457e+43
818,3.027411502065e+01,3.111442863107e+01,1.420594829974e+34
819,1.307032174120e+01,3.278396056418e+01,4.865992122715e+44
820,1.916593613766e+01,4.965518878252e+01,7.145148883448e+43
821,2.110192442530e+01,2.841262472925e+01,6.616717780534e+44
822,1.405665591521e+01,3.503492474275e+01,2.785853129253e+44
823,1.278981790020e+01,3.337735224759e+01,1.042518602187e+45
824,1.212310503943e+01,2.905850645561e+01,7.134630135684e+43
825,1.923717292745e+01,6.611196332883e+01,3.401816522185e+44
826,1.080309235872e+01,3.798937701602e+01,1.773307290974e+44
827,1.874625385874e+01,2.944401706470e+01,2.785855028605e+44
828,2.000501677840e+01,6.272558878271e+01,7.789274404492e+44
829,1.472401809078e+01,6.679246907879e+01,2.639181946666e+44
830,1.898358951069e+01,3.250243188494e+01,2.660292838782e+44
831,1.660602880348e+01,6.262913281910e+01,7.027726712751e+44
832,1.382654178934e+01,3.275740044182e+01,4.232572068701e+44
833,1.640499240377e+01,3.342186836538e+01,7.285662397987e+38
834,1.129710062551e+01,5.735121091815e+01,3.506421144894e+44
835,2.010738136010e+01,3.574515540103e+01,6.003050065037e+33
836,2.005453903317e+01,3.202451195249e+01,2.801389524249e+44
837,2.086838791358e+01,3.021026771655e+01,1.166926962942e+34
838,1.672519608190e+01,2.883635928099e+01,1.074297084578e+45
839,1.382084335949e+01,4.000684673272e+01,6.199119094969e+44
840,1.580022342640e+01,3.278068582251e+01,1.119828120664e+40
841,2.236813617102e+01,3.995317684227e+01,4.238894541635e+44
842,1.549282744200e+01,3.464842045385e+01,3.498205877740e+44
843,1.730098430863e+01,2.458488308429e+01,7.057097791184e+43
844,2.718706198221e+01,2.494094737829e+01,1.075557501167e+44
845,1.469657198539e+01,3.879617976966e+01,1.066239260592e+44
846,1.732110602637e+01,4.605988377965e+01,1.086763937163e+45
847,9.670901294478e+00,6.177063838336e+01,6.010452617040e+44
848,1.199575974875e+01,3.345400520024e+01,3.506409781596e+44
849,1.336731242681e+01,8.433841048085e+01,4.232542512580e+44
850,1.401984181503e+01,4.883681386350e+01,5.828356231502e+44
851,1.083296036808e+01,3.161469750314e+01,7.481428676139e+44
852,1.537179768031e+01,2.914037567316e+01,1.044031274253e+45
853,1.346891839838e+01,3.356380251088e+01,7.293810008556e+38
854,1.681263144364e+01,1.820973541955e+01,1.486306593896e+45
855,1.389540186590e+01,4.375751418459e+01,1.652952492832e+45
856,2.171551575316e+01,3.600474457776e+01,6.769101656373e+33
857,2.321622227391e+01,3.781718609829e+01,4.254362122465e+44
858,1.172020893896e+01,3.669597576249e+01,1.791287140901e+45
859,1.596737663057e+01,2.644338438794e+01,3.564005087742e+44
860,2.139572999167e+01,3.963651811336e+01,2.783731291536e+44
861,2.128226562532e+01,4.985454289486e+01,9.468909949674e+44
862,2.012511054145e+01,3.379088654668e+01,2.801378072941e+44
863,1.393855304273e+01,2.982329292574e+01,3.506421341574e+44
864,1.401752756887e+01,4.420455562586e+01,7.057097287453e+43
865,2.276632420216e+01,9.240874705948e+01,1.071054964092e+44
866,2.061799631875e+01,4.703304227834e+01,7.168316791774e+44
867,1.624421689465e+01,3.116392265583e+01,1.147254347692e+45
868,3.729187937581e+01,4.095371012894e+01,2.391379558384e+40
869,1.344457967694e+01,2.921954074929e+01,2.405244522019e+33
870,1.430616481299e+01,2.910987348614e+01,7.278644611933e+38
871,1.863923008098e+01,3.733577108446e+01,2.358745788466e+44
872,2.162188461034e+01,2.934006578990e+01,7.275461636477e+38
873,1.217513963330e+01,3.125752029368e+01,1.066248106267e+44
874,1.535464089461e+01,2.387729868904e+01,1.422042694061e+45
875,1.283274261125e+01,5.242469892749e+01,1.066241082617e+44
876,1.597306233628e+01,5.066037487431e+01,4.241630408372e+44
877,2.018665094920e+01,3.290624090395e+01,7.281349040068e+38
878,1.718705451353e+01,6.036333197212e+01,1.071795824646e+44
879,1.349180286812e+01,2.448087882184e+01,2.639028558451e+33
880,1.361814972816e+01,3.831725554357e+01,4.259543469268e+44
881,1.201453889133e+01,3.318479050080e+01,9.413358322784e+44
882,1.335150399623e+01,2.926473500830e+01,1.075344342536e+44
883,1.326087839517e+01,2.548056951426e+01,2.405531834570e+34
884,1.811918430310e+01,5.113871090953e+01,7.057119769833e+43
885,1.882083619895e+01,3.323179393079e+01,1.083283714339e+45
886,1.516489137614e+01,1.899513343767e+01,2.653034288710e+44
887,1.684842001683e+01,3.215018190498e+01,7.309399385226e+38
888,1.695781321842e+01,3.357763139060e+01,2.887156595610e+39
889,1.415082298895e+01,3.136064345646e+01,1.071798751779e+44
890,1.823484268946e+01,3.491213504432e+01,4.243601266809e+44
891,1.104488534641e+01,4.555014167609e+01,7.168287769951e+44
892,1.380226003442e+01,3.487850454926e+01,9.402674103829e+44
893,1.458784397098e+01,3.768700742335e+01,1.066240998873e+44
894,1.430410421467e+01,4.108735704748e+01,2.885153817508e+39
895,1.551387550141e+01,3.559355119620e+01,3.516500402888e+44
896,2.409915316524e+01,4.325915740968e+01,1.066238926520e+44
897,1.908322893224e+01,3.222591427195e+01,7.833180881633e+44
898,1.565453186199e+01,3.772530393234e+01,3.682695610975e+33
899,9.398812644774e+00,2.904140193985e+01,1.066233202983e+44
900,1.325239113463e+01,3.069077793903e+01,7.814849979728e+44
901,1.179266661054e+01,4.161957671761e+01,4.243577240796e+44
902,1.102675193345e+01,2.650898860470e+01,3.411571525724e+44
903,1.348438664767e+01,3.528768662167e+01,1.100285108325e+45
904,1.126291006422e+01,2.792491283447e+01,7.060066453508e+44
905,3.103006991974e+01,4.009224378477e+01,4.251479913548e+44
906,2.315836426581e+01,4.684513971864e+01,7.099753661923e+43
907,1.169267436313e+01,3.922144236224e+01,8.206382538812e+44
908,2.162940716119e+01,4.116587859321e+01,7.057107822835e+43
909,2.097600265144e+01,2.720119052401e+01,2.792409196191e+44
910,2.106663158076e+01,4.455407179986e+01,1.066242220815e+44
911,1.979226921156e+01,3.487601854066e+01,3.506412099338e+44
912,1.969389534422e+01,5.302387901460e+01,1.071795843651e+44
913,1.634532903338e+01,2.130423159822e+01,1.069829648109e+44
914,1.541523891200e+01,2.663411745371e+01,1.872793338008e+44
915,1.143663628753e+01,5.866244525794e+01,3.506409559536e+44
916,2.002928636171e+01,4.270431739640e+01,1.080095675010e+45
917,1.609517435088e+01,4.069968919709e+01,7.299980451740e+38
918,1.912616459802e+01,4.762663158588e+01,1.119336371410e+40
919,2.320047885872e+01,3.083791707174e+01,7.057145921012e+43
920,1.605264292151e+01,4.800576080722e+01,7.481416232092e+44
921,1.831753960199e+01,3.397990115591e+01,7.277188513090e+38
922,1.946620165108e+01,2.551360225402e+01,2.801377424318e+44
923,1.555113907376e+01,2.209412253693e+01,1.644074449864e+45
924,1.220664423500e+01,5.982153154918e+01,7.352988130893e+44
925,1.333962777422e+01,3.440346776121e+01,2.888590369349e+39
926,1.545940525385e+01,2.627229361546e+01,1.068158859201e+44
927,2.033869005173e+01,4.210148951375e+01,7.147833807610e+44
928,1.650984332506e+01,3.728528494625e+01,2.891102669823e+39
929,1.623932314399e+01,2.452396813783e+01,1.070718804824e+34
930,1.530690562263e+01,3.576394536295e+01,1.071799125173e+44
931,1.186096348812e+01,2.519591402125e+01,7.789313696657e+44
932,1.517829216807e+01,2.968393765677e+01,7.102379899043e+43
933,1.754143543940e+01,3.642944239099e+01,3.402379006048e+44
934,1.176666996370e+01,3.280202235253e+01,1.066239711792e+44
935,1.543579628541e+01,4.862261364653e+01,2.890004128176e+39
936,1.598449030685e+01,3.811362857172e+01,7.180111132479e+43
937,2.105427524339e+01,2.466525375866e+01,1.233853695769e+34
938,2.459186642620e+01,4.462358125161e+01,1.066244646141e+44
939,2.458043739688e+01,5.583956270290e+01,3.506431299658e+44
940,1.389262123594e+01,5.530843597505e+01,1.068163610334e+44
941,1.819128032297e+01,3.402575035019e+01,6.789816613817e+44
942,2.511209519056e+01,2.854498687661e+01,7.157476366645e+43
943,1.184703166834e+01,3.318740552294e+01,6.204720075035e+44
944,1.378889497425e+01,4.097589532553e+01,6.213076091636e+44
945,1.082395859581e+01,2.548177313760e+01,7.140237763936e+43
946,1.280793471817e+01,2.700903452005e+01,7.057109885669e+43
947,2.252926828202e+01,3.541384384446e+02,9.140471447464e+44
948,2.654938386814e+01,3.188523418522e+01,3.420649841615e+44
949,1.209079436783e+01,4.525321937435e+01,6.497660978440e+44
950,1.057562303694e+01,3.755540204465e+01,2.795281242827e+44
951,1.262769044743e+01,2.621802800832e+01,8.355515744521e+44
952,2.565326976120e+01,5.794525629977e+01,1.071055092152e+44
953,1.560980447602e+01,2.428319926803e+01,4.865006115777e+44
954,3.515431326351e+01,4.532410860554e+01,2.796209322415e+44
955,1.652451188479e+01,2.303376332496e+01,1.083704891149e+45
956,1.389036575425e+01,3.681369770435e+01,6.012841306115e+44
957,2.410836135583e+01,1.006559410729e+02,2.570679269949e+45
958,1.939109795028e+01,4.053849489999e+01,4.232542355455e+44
959,1.948177747772e+01,2.349056637306e+01,9.434509140820e+44
960,1.704239665534e+01,6.114384832568e+01,3.401807327678e+44
961,1.389290130571e+01,4.435844206435e+01,5.999874687115e+44
962,2.142448924658e+01,2.634709024725e+01,6.497650071161e+44
963,2.418535777837e+01,5.203134213381e+01,7.057116252785e+43
964,1.633620144521e+01,1.002933430187e+02,7.057098293979e+43
965,1.586502766701e+01,4.051249847399e+01,7.057154141838e+43
966,1.534760141061e+01,2.058521140673e+01,7.102376935793e+43
967,1.637298085593e+01,4.581070475817e+01,6.410325168538e+39
968,2.151969828885e+01,4.449560224097e+01,2.803795697121e+44
969,1.252336778836e+01,2.868144562916e+01,7.280449681883e+38
970,1.404673264376e+01,3.366946919394e+01,1.066238236763e+44
971,2.009028075949e+01,4.320966527312e+01,7.114687884242e+43
972,1.615007184695e+01,4.616922841863e+01,6.296522151182e+44
973,1.748742235486e+01,7.710657650524e+01,7.292979884780e+38
974,2.094850891302e+01,4.563310076210e+01,3.024262651580e+34
975,1.733539430220e+01,5.447264507168e+01,7.102380593620e+43
976,2.131987102302e+01,3.808102187219e+01,1.071721990854e+44
977,1.652154583612e+01,2.797746874717e+01,7.145183244397e+43
978,1.552168013523e+01,2.472880616068e+01,1.071801332044e+44
979,2.168413728552e+01,2.606353445935e+01,2.792681995107e+44
980,1.437673219040e+01,1.962132029027e+01,5.225529465700e+33
981,1.356017486586e+01,4.469207339885e+01,7.182660957946e+44
982,1.096062737477e+01,4.522730307520e+01,1.066238878856e+44
983,1.695943932226e+01,4.037119927020e+01,1.790064468833e+45
984,2.544534929530e+01,7.286774172621e+01,1.054260206857e+45
985,2.038035233227e+01,6.458763791532e+01,9.434491909514e+44
986,2.279603614290e+01,7.423549513054e+01,2.087587098259e+45
987,2.116265480201e+01,7.288910817613e+01,9.402716599963e+44
988,1.298883182851e+01,2.685003838132e+01,7.102360777929e+43
989,1.335501575360e+01,3.291165692729e+01,4.975351211857e+44
990,1.482335250958e+01,2.434106954168e+01,3.506415886606e+44
991,1.701821883321e+01,4.322610602679e+01,2.801343645461e+44
992,1.384280852490e+01,4.537598743095e+01,3.401824686588e+44
993,1.423637313881e+01,2.053171830452e+01,7.284308085699e+38
994,1.809582304215e+01,2.835211172041e+01,1.773308830173e+44
995,1.476266305842e+01,3.372237154530e+01,1.360273822999e+45
996,2.764055997884e+01,2.601020588162e+01,5.771881502527e+44
997,1.847192165625e+01,3.215252263528e+01,8.280913338842e+44
998,1.446853214555e+01,3.251622259127e+01,6.191352944445e+44
999,1.196466072453e+01,3.082163316183e+01,9.402728542867e+44
1000,2.127125458354e+01,8.839209053594e+01,7.134536514579e+43
