model_k,iter,mean_top10_anova_block,mean_top10_anova_period,periodicity_strength
37,1,2.007185036047e+00,1.560098078009e+00,3.033901786724e+07
37,2,1.779571894690e+00,1.602247937229e+00,2.427833938884e+07
37,3,1.791373857376e+00,1.588327459668e+00,2.160302608760e+07
37,4,1.703923097936e+00,5.160843274156e+00,5.154675291216e+07
37,5,2.053876639821e+00,2.993001994035e+00,2.019804237252e+07
37,6,1.173304855452e+00,1.082229299774e+00,2.699694855413e+07
37,7,2.395419113502e+00,1.701581152360e+00,3.601806476456e+07
37,8,1.510558358423e+00,1.995218807341e+00,3.653349466257e+07
37,9,1.472708938883e+00,1.553054227142e+00,5.374005373925e+07
37,10,1.527266726040e+00,2.356085578846e+00,3.496079498863e+07
37,11,2.001309570139e+00,1.962946326386e+00,2.911944056380e+07
37,12,2.274548282958e+00,1.596176849760e+00,5.140608704059e+07
37,13,1.821168308252e+00,1.471012734661e+00,5.975593712894e+07
37,14,1.341888874428e+00,2.067063204034e+00,4.887026855103e+07
37,15,1.944070063817e+00,2.599427391165e+00,1.987056694721e+07
37,16,1.345096052109e+00,2.772550302829e+00,3.537588864174e+07
37,17,2.327991257066e+00,2.003263654500e+00,5.245614490130e+07
37,18,2.038703280853e+00,2.403696548715e+00,4.349400746243e+07
37,19,1.710556710269e+00,1.831348019522e+00,2.508954379011e+07
37,20,2.110451341963e+00,8.275344094731e+00,2.609427165142e+07
37,21,1.597688246068e+00,1.987871085327e+00,3.898591143962e+07
37,22,1.676372585899e+00,1.501411825398e+00,2.375430193216e+07
37,23,2.383614606635e+00,1.414614381680e+00,5.911872587215e+07
37,24,1.244230344076e+00,1.368560926858e+00,3.669070852400e+07
37,25,1.746234676622e+00,1.757534871489e+00,3.024976669166e+07
37,26,1.651799298364e+00,1.220617432196e+00,3.075793927130e+07
37,27,1.488721048073e+00,1.979838978371e+00,5.162767229726e+07
37,28,2.322506122800e+00,4.971301847589e+00,6.021694004233e+07
37,29,1.487244748025e+00,2.088093488524e+00,5.446405491096e+07
37,30,1.585865842900e+00,1.082804851523e+00,4.398599285069e+07
37,31,1.505139757021e+00,1.619614103245e+00,6.106465431704e+07
37,32,2.670403766153e+00,1.302644253661e+00,5.673133648176e+07
37,33,1.892443829687e+00,1.323129255512e+00,3.257890928734e+07
37,34,1.654366648125e+00,1.205300017136e+00,3.408623270910e+07
37,35,1.991355993132e+00,2.959311641083e+00,3.673886130240e+07
37,36,1.223086425725e+00,1.329977904360e+00,3.012007230659e+07
37,37,1.741814059508e+00,1.892318723013e+00,5.750028386294e+07
37,38,1.422404821538e+00,1.498462593528e+00,3.068903436722e+07
37,39,2.900429565933e+00,2.013383674534e+00,3.032194578738e+07
37,40,1.763664989371e+00,2.266295041694e+00,5.020563885751e+07
37,41,1.920351282784e+00,1.901286245602e+00,1.087545445674e+07
37,42,2.302232973574e+00,1.721277296501e+00,4.079883007623e+07
37,43,2.210311763357e+00,6.730517376693e+00,4.478290289887e+07
37,44,1.871302245909e+00,1.019441075663e+00,3.303203028685e+07
37,45,1.096990066808e+00,1.502466567901e+00,1.674207245791e+07
37,46,1.829052724437e+00,1.773390361668e+00,6.283731466078e+07
37,47,2.182487574156e+00,1.112902988970e+00,4.099055938200e+07
37,48,1.550009446196e+00,2.353587515456e+00,3.490385314445e+07
37,49,2.955791276662e+00,1.357928406651e+00,2.585824323685e+07
37,50,2.124042752774e+00,5.698693857350e+00,3.817727310280e+07
37,51,1.411382682930e+00,2.110230780146e+00,2.818490613674e+07
37,52,2.195440047831e+00,1.232213804552e+00,6.136218660076e+07
37,53,1.610203035323e+00,1.449622870184e+00,2.310111846968e+07
37,54,1.776601837847e+00,1.974472742528e+00,2.600455259043e+07
37,55,1.448967758788e+00,9.445542280216e-01,3.716189245290e+07
37,56,1.643955054663e+00,2.110007966806e+00,5.884592776342e+07
37,57,3.677693407341e+00,1.722068460989e+00,4.323429346884e+07
37,58,1.933546232953e+00,2.854652315404e+00,3.004220247009e+07
37,59,1.326605803263e+00,1.154381167914e+00,1.310994796902e+07
37,60,1.299002524948e+00,1.776438416427e+00,5.329485045814e+07
37,61,1.251281548850e+00,1.870913834865e+00,4.674162997620e+07
37,62,1.656873231246e+00,3.235334429714e+00,3.307616227345e+07
37,63,1.661170036265e+00,2.044480438149e+00,4.080330035453e+07
37,64,1.500546326082e+00,1.453733938506e+00,4.625350868100e+07
37,65,2.094191894497e+00,1.028463240526e+00,6.685960869758e+07
37,66,2.578602169605e+00,7.738148347220e+00,2.649902793837e+07
37,67,1.875008768417e+00,1.214160429683e+00,5.461816719107e+07
37,68,1.571884055339e+00,1.244447386763e+00,2.499728058438e+07
37,69,1.872834153823e+00,1.507600989676e+00,4.060093449727e+07
37,70,1.626751938559e+00,4.048593167800e+00,4.251273823675e+07
37,71,2.027704524264e+00,1.634047046471e+00,3.576019983061e+07
37,72,1.627003008483e+00,2.469833666963e+00,4.711023669539e+07
37,73,1.580857490650e+00,2.314804014494e+00,2.827532471163e+07
37,74,1.811642262409e+00,1.301520875029e+00,3.276551184231e+07
37,75,2.668444566093e+00,3.035998363330e+00,3.683529081247e+07
37,76,1.176272527476e+00,1.683836587469e+00,2.375167987603e+07
37,77,1.528775845604e+00,1.920077705930e+00,4.220535468002e+07
37,78,1.840512596653e+00,1.799408322485e+00,5.405130728097e+07
37,79,1.622343431671e+00,6.219286300493e+00,4.809535411014e+07
37,80,1.359033218370e+00,1.263146025548e+00,3.684879252513e+07
37,81,1.556615087465e+00,4.317394224465e+00,4.594820009934e+07
37,82,2.152399258035e+00,2.725203224696e+00,2.794637335984e+07
37,83,1.081510068073e+00,2.476768064609e+00,4.923381286331e+07
37,84,1.791745825354e+00,1.753431784232e+00,3.386313475548e+07
37,85,2.215047506446e+00,1.676125521583e+00,3.120806211060e+07
37,86,1.749042420561e+00,1.581297719991e+00,2.764192677910e+07
37,87,1.996375940578e+00,1.894569972305e+00,3.320696340616e+07
37,88,1.988595515907e+00,9.203638326002e+00,2.988811377303e+07
37,89,1.404055458018e+00,1.329256608866e+00,2.842461446299e+07
37,90,2.106321151054e+00,7.478938948515e+00,4.234954923224e+07
37,91,2.268952589429e+00,1.379931572459e+00,3.504806282933e+07
37,92,2.377135261767e+00,2.457852575284e+00,4.303433928800e+07
37,93,1.251530988081e+00,1.466343802318e+00,1.660909504566e+07
37,94,1.567698807815e+00,4.235039120244e+00,3.258594031460e+07
37,95,1.825034202313e+00,1.107247081239e+00,4.322323998432e+07
37,96,2.072005874591e+00,2.349198054748e+00,1.797090109528e+07
37,97,1.807206948953e+00,8.162577445595e+00,4.196524711151e+07
37,98,2.054539041997e+00,1.830874390036e+00,3.407846793734e+07
37,99,1.938407943959e+00,2.125090786032e+00,3.828023564826e+07
37,100,1.508229883612e+00,1.624988962844e+00,5.897278080259e+07
37,101,1.649728375175e+00,2.344652615980e+00,4.254321626307e+07
37,102,2.026254143182e+00,1.478066749898e+00,4.315850837229e+07
37,103,2.455130737571e+00,2.277820907777e+00,1.609977531012e+07
37,104,1.479724672737e+00,1.905054584359e+00,3.013651954863e+07
37,105,1.787524695501e+00,1.360088591188e+00,6.192908901281e+07
37,106,1.297872742965e+00,1.792319564725e+00,2.018946559551e+07
37,107,2.291265866141e+00,1.675366023419e+00,3.045096422664e+07
37,108,1.774023438619e+00,1.773460273477e+00,3.480722817330e+07
37,109,2.490594752042e+00,1.935607314815e+00,5.249981182505e+07
37,110,1.776218050038e+00,1.651926419969e+00,6.018104318495e+07
37,111,1.602282290228e+00,1.131470686402e+00,4.762321629756e+07
37,112,1.615855195594e+00,1.661822728657e+00,1.024125778664e+07
37,113,1.595378507473e+00,1.644568986069e+00,4.235762394328e+07
37,114,2.019863017549e+00,2.242332265255e+00,3.695804320402e+07
37,115,1.223001987631e+00,1.517652943094e+00,1.998964866701e+07
37,116,2.352403457615e+00,1.492684884867e+00,2.059189807013e+07
37,117,1.607703023595e+00,1.560074804002e+00,3.200226624711e+07
37,118,1.910114224823e+00,3.258621273631e+00,2.336435924817e+07
37,119,2.548844118292e+00,1.529992731629e+00,3.165103308997e+07
37,120,1.306999898566e+00,1.344207609125e+00,3.058338264924e+07
37,121,1.200890379617e+00,1.844849907719e+00,4.970897870044e+07
37,122,2.336290076543e+00,2.237613704061e+00,1.260452825149e+07
37,123,1.590964604347e+00,1.582023764892e+00,2.463718339376e+07
37,124,2.004328445513e+00,1.779562894309e+00,2.300145752641e+07
37,125,1.239159971351e+00,1.618243283659e+00,5.240401690309e+07
37,126,1.856985654084e+00,1.459713325385e+00,3.522373784433e+07
37,127,2.040848094322e+00,2.239916096723e+00,1.215449811588e+07
37,128,1.524876794034e+00,1.207375017622e+00,2.618650805970e+07
37,129,2.204405571230e+00,1.310251159670e+00,4.292342382176e+07
37,130,1.845452915678e+00,7.623777478101e+00,4.759467035300e+07
37,131,1.635700110134e+00,2.075098810458e+00,4.849602860097e+07
37,132,2.161425662462e+00,1.531236631432e+00,1.691371576180e+07
37,133,1.616311295924e+00,1.580538391914e+00,5.363483130393e+07
37,134,2.150220641913e+00,1.654128549267e+00,2.868970985585e+07
37,135,1.420894118557e+00,1.808441256984e+00,1.704025305587e+07
37,136,2.110921398037e+00,1.142162793375e+00,3.568403809973e+07
37,137,1.865056703411e+00,2.984950305176e+00,2.335601075588e+07
37,138,1.769833693625e+00,2.196063731374e+00,1.421786641230e+07
37,139,2.721434884542e+00,3.478059902249e+00,2.722511665009e+07
37,140,1.185107874441e+00,1.594855083071e+00,3.595503442262e+07
37,141,2.466006507922e+00,1.451552573153e+00,1.681430239735e+07
37,142,1.939704987565e+00,1.599688260080e+00,3.109241238183e+07
37,143,1.940290890161e+00,1.875302825622e+00,4.844518409515e+07
37,144,2.113706274624e+00,1.894411057099e+00,2.259840439352e+07
37,145,2.002233047635e+00,7.751308023595e+00,5.108505892218e+07
37,146,1.720173484703e+00,2.205243860477e+00,3.505356857075e+07
37,147,1.380516729029e+00,2.920696489804e+00,1.945555029673e+07
37,148,1.399889669843e+00,1.127654004745e+00,4.585755572488e+07
37,149,1.741144167324e+00,1.485158225663e+00,4.316223747870e+07
37,150,2.004483789883e+00,1.473778512603e+00,3.011594447351e+07
37,151,1.169326730066e+00,1.060020360421e+00,3.772283391612e+07
37,152,1.258620663789e+00,1.753708350984e+00,4.550067583515e+07
37,153,1.578207585868e+00,2.073836192339e+00,1.308436913859e+07
37,154,1.455897476850e+00,3.025633292958e+00,2.458915871092e+07
37,155,1.911749893098e+00,1.250761260505e+00,6.020964271372e+07
37,156,1.366162886354e+00,1.017373807397e+00,2.935232346662e+07
37,157,1.939089680756e+00,2.635194163253e+00,3.988539545385e+07
37,158,1.117666609888e+00,1.582085622540e+00,5.071541132693e+07
37,159,2.297339780404e+00,2.035301872377e+00,5.619769265174e+07
37,160,1.471117314242e+00,1.443801985250e+00,3.139463878316e+07
37,161,1.306250637359e+00,1.597551047058e+00,3.471351348959e+07
37,162,2.318791739114e+00,4.260241815614e+00,6.089709792573e+07
37,163,1.607038223998e+00,1.762107092020e+00,5.208601485186e+07
37,164,1.491915756484e+00,1.784561310014e+00,3.491090105861e+07
37,165,2.514396543567e+00,3.307275818096e+00,3.132170948462e+07
37,166,1.710554032655e+00,3.248796578175e+00,2.584390336817e+07
37,167,2.036238619923e+00,2.492170451030e+00,3.231137884887e+07
37,168,2.448227191326e+00,7.858779664852e+00,3.562123913105e+07
37,169,1.493978765545e+00,2.117321933986e+00,1.838161131737e+07
37,170,1.466728944917e+00,1.749903730151e+00,2.209268622456e+07
37,171,1.301249575393e+00,1.393264463314e+00,2.606440743548e+07
37,172,1.870901088561e+00,1.949479590246e+00,6.452059530912e+07
37,173,2.615886741324e+00,4.348976865711e+00,6.933228452406e+07
37,174,2.089256392870e+00,1.669580399507e+00,4.051791197276e+07
37,175,1.648683896809e+00,1.786507552585e+00,2.773713287559e+07
37,176,1.532566839592e+00,2.138965544220e+00,3.904931647447e+07
37,177,2.297098708595e+00,1.331131265367e+00,6.223169250588e+07
37,178,1.419032904009e+00,2.723724979293e+00,3.612946525447e+07
37,179,1.853284229718e+00,1.978810532947e+00,3.258864825669e+07
37,180,2.067185522507e+00,1.519779520793e+00,5.533870633344e+07
37,181,1.942938213878e+00,1.796823593301e+00,8.524186471617e+07
37,182,1.852029851960e+00,1.575400711400e+00,3.480908383316e+07
37,183,1.803621820562e+00,1.537806020562e+00,4.863335551708e+07
37,184,1.749365352205e+00,2.194195832864e+00,2.844947607448e+07
37,185,1.649779438521e+00,1.377809125121e+00,1.532244668224e+07
37,186,1.833116539587e+00,2.153386827747e+00,3.199896839074e+07
37,187,1.892778802283e+00,1.954756217711e+00,1.974917513491e+07
37,188,1.503021990485e+00,3.338638470264e+00,7.820933893340e+07
37,189,1.379433468754e+00,1.826702149760e+00,3.685315991243e+07
37,190,2.044338437768e+00,1.523604181349e+00,2.292598434725e+07
37,191,2.678230152811e+00,1.807340891821e+00,2.474495161278e+07
37,192,1.868618826343e+00,1.979216171017e+00,6.706424212989e+07
37,193,1.194826851798e+00,3.130226623838e+00,2.161186985005e+07
37,194,1.887995462095e+00,1.211258948093e+00,3.000287909833e+07
37,195,1.810295362333e+00,2.910838843039e+00,2.004981776132e+07
37,196,1.531675013031e+00,1.752351395413e+00,3.479372399990e+07
37,197,1.507275261442e+00,2.064865394552e+00,2.297282330524e+07
37,198,1.875395519097e+00,2.029064297671e+00,5.865667445048e+07
37,199,1.900977180840e+00,7.878128733622e+00,2.560317853046e+07
37,200,2.018505476715e+00,1.180416844570e+00,5.565188506420e+07
37,201,2.336231977620e+00,2.346859476798e+00,3.272786729690e+07
37,202,1.647550875265e+00,1.121029196470e+00,2.483461507379e+07
37,203,1.373119201864e+00,1.053119096351e+00,6.759697092843e+07
37,204,1.696572683131e+00,1.456250865186e+00,2.867755794274e+07
37,205,1.505912320957e+00,1.645964194333e+00,5.248625330584e+07
37,206,1.722625917488e+00,3.008803228967e+00,5.235303327773e+07
37,207,1.675076781050e+00,1.937474194202e+00,6.129120658688e+07
37,208,1.697778749731e+00,1.960697378363e+00,2.747827389456e+07
37,209,2.126029124951e+00,2.066796303509e+00,3.247349987632e+07
37,210,1.902565747910e+00,1.746973745541e+00,4.235171632456e+07
37,211,2.776795181748e+00,2.666379083290e+00,3.793764890772e+07
37,212,1.463861336449e+00,1.751948576837e+00,7.910982408914e+06
37,213,1.860432769098e+00,3.597794062735e+00,5.411549440786e+07
37,214,2.008906918708e+00,1.849718063419e+00,3.180597562288e+07
37,215,1.980178856273e+00,3.327920027830e+00,4.709008398608e+07
37,216,1.795242840749e+00,1.540378221034e+00,4.201212258516e+07
37,217,1.612019271495e+00,1.940700430226e+00,3.374015798219e+07
37,218,1.017936805366e+00,1.686789814968e+00,3.998313352496e+07
37,219,1.551115504475e+00,1.987214596743e+00,1.951591460975e+07
37,220,1.264311355786e+00,9.532022952898e-01,4.338314617802e+07
37,221,1.455217330195e+00,1.084740314358e+00,3.659249225910e+07
37,222,1.673929540728e+00,5.668193686352e+00,6.162460178165e+07
37,223,1.664192375466e+00,2.652961344708e+00,5.597375206769e+07
37,224,2.308320297976e+00,2.165839571506e+00,4.180239060277e+07
37,225,1.854981599107e+00,2.225379638744e+00,8.182009102362e+07
37,226,2.212608167846e+00,3.594008437757e+00,3.288483552085e+07
37,227,1.546643206998e+00,1.365399137064e+00,1.087186902460e+07
37,228,1.614551817846e+00,1.710444703864e+00,4.499092649131e+07
37,229,1.031970738344e+00,9.765404886784e-01,1.897701597475e+07
37,230,1.952294486751e+00,1.911884821615e+00,1.988267183718e+07
37,231,1.552542359030e+00,2.175533926270e+00,5.360966553641e+07
37,232,1.904182475156e+00,2.329471975835e+00,6.236439160707e+07
37,233,1.941774812628e+00,7.905908027058e+00,4.081864691301e+07
37,234,2.920242657532e+00,2.939364323046e+00,4.260569063698e+07
37,235,1.542085129515e+00,1.516794800898e+00,3.582871394601e+07
37,236,1.645973838627e+00,1.308843312527e+00,5.244618494706e+07
37,237,2.353623971068e+00,1.686817159236e+00,4.738197629722e+07
37,238,1.718627527187e+00,1.974169692672e+00,7.262701261841e+07
37,239,2.745084894701e+00,1.702621786664e+00,4.714770730319e+07
37,240,1.397663965558e+00,3.945194023403e+00,3.832568018988e+07
37,241,1.268348371387e+00,1.132610950614e+00,4.029958596473e+07
37,242,2.550838668069e+00,2.697868756948e+01,3.204649175441e+07
37,243,1.775213922627e+00,1.246099998257e+00,3.084359980633e+07
37,244,2.149869624240e+00,1.047461231160e+00,4.812460017168e+07
37,245,1.696957010269e+00,1.549480905652e+00,4.398545119177e+07
37,246,1.178705939855e+00,1.132105274990e+00,1.823823714839e+07
37,247,2.105272890317e+00,1.863284141684e+00,5.905357233446e+07
37,248,1.496653781670e+00,1.719799104306e+00,1.767388072782e+07
37,249,2.040674534000e+00,6.322265948676e+00,2.613924104209e+07
37,250,1.381990452390e+00,1.673004322453e+00,5.530053046791e+07
37,251,1.322944632550e+00,2.052839718282e+00,4.045001740951e+07
37,252,1.527306889036e+00,1.277511399541e+00,6.524999714585e+07
37,253,1.772233247177e+00,6.679115538334e+00,5.007361312994e+07
37,254,1.369938892525e+00,1.737653857726e+00,2.023881499277e+07
37,255,1.497174327407e+00,1.770119675692e+00,6.774761366404e+07
37,256,1.658001545635e+00,1.714285368332e+00,3.936368852560e+07
37,257,1.959107948800e+00,2.042953963800e+00,1.961042758014e+07
37,258,2.216195488392e+00,1.996025810033e+00,3.191957614377e+07
37,259,1.321119559966e+00,1.642307981661e+00,4.916560609283e+07
37,260,1.578615605550e+00,1.884945188782e+00,4.587754383338e+07
37,261,1.820846448199e+00,7.660850417633e+00,3.899129899727e+07
37,262,1.639363312125e+00,8.439645599884e+00,9.036310170412e+07
37,263,1.851852494905e+00,1.657583865768e+00,2.531651753078e+07
37,264,1.359194978658e+00,1.880547374284e+00,3.411276852818e+07
37,265,1.894135495320e+00,3.975011388438e+00,5.231618938197e+07
37,266,2.327888046607e+00,7.431955840058e+00,4.317760520491e+07
37,267,1.487550310865e+00,1.701083219933e+00,9.077300583289e+07
37,268,2.228044295802e+00,1.662833581833e+00,2.081051478493e+07
37,269,1.900419994246e+00,1.578176049191e+00,1.819285934417e+07
37,270,2.220208638674e+00,1.634218410982e+00,1.675925129793e+07
37,271,1.940064967715e+00,1.153193179999e+00,1.694004033008e+07
37,272,2.365493506860e+00,1.639930389254e+00,3.807806233634e+07
37,273,3.652716955501e+00,2.816827533692e+00,2.458540969508e+07
37,274,1.302762318856e+00,1.507677645492e+00,6.348051632514e+07
37,275,1.828702026222e+00,8.706566528692e+00,6.237988815880e+07
37,276,1.550744468698e+00,1.403425383394e+00,3.544870607152e+07
37,277,1.431241058613e+00,1.359803966574e+00,8.228709389761e+07
37,278,2.164279949840e+00,1.589031866092e+00,2.703077063087e+07
37,279,1.193539517519e+00,1.888820122875e+00,3.871735348209e+07
37,280,2.421368260795e+00,1.876114966751e+00,4.662292567879e+07
37,281,1.960791508463e+00,1.735619402183e+00,7.583378221232e+07
37,282,1.944533590390e+00,1.583209946609e+00,7.059181000634e+07
37,283,1.789118165772e+00,1.958224533990e+00,4.450301114022e+07
37,284,1.627077323648e+00,3.554457676811e+00,3.130200830866e+07
37,285,2.147101587312e+00,1.600859648004e+00,2.775956563721e+07
37,286,1.308459788062e+00,2.244505911749e+00,2.930169533825e+07
37,287,2.337659284863e+00,5.574153379818e+00,3.976377907945e+07
37,288,1.669428083289e+00,2.062812474828e+00,1.238233711622e+07
37,289,2.295270910113e+00,1.848520626947e+00,2.994610316573e+07
37,290,1.635141065215e+00,1.693215249519e+00,2.049830941907e+07
37,291,2.131753181335e+00,1.997354264271e+00,4.704377054411e+07
37,292,1.313950351637e+00,1.556419673198e+00,6.522312339998e+07
37,293,1.397742044824e+00,1.919446266493e+00,3.698748660401e+07
37,294,2.051790320412e+00,3.386408851004e+00,6.183601470658e+07
37,295,1.376861868583e+00,1.950254574581e+00,5.592957686754e+07
37,296,1.646707260367e+00,1.940789446987e+00,5.415613680492e+07
37,297,1.341952823518e+00,9.810222639056e-01,3.443763129450e+07
37,298,2.059614457522e+00,1.749966603563e+00,7.019708859778e+07
37,299,1.595130496006e+00,1.279398371592e+00,1.989745078256e+07
37,300,1.763000923358e+00,2.942448730435e+00,3.643819463618e+07
37,301,1.983374427848e+00,2.930960545537e+00,4.806071647905e+07
37,302,1.896180201089e+00,1.904175348301e+00,5.667081630789e+07
37,303,1.856208874087e+00,2.983039525844e+00,3.033620879091e+07
37,304,1.647939973316e+00,2.126793175707e+00,1.837506826770e+07
37,305,1.726090024882e+00,2.210097536614e+00,2.083068031723e+07
37,306,1.623119338215e+00,1.668412043957e+00,1.648996431343e+07
37,307,2.474329094715e+00,2.128013893489e+00,3.733469996717e+07
37,308,1.872365955233e+00,1.093904209882e+00,1.947864906236e+07
37,309,2.054188280989e+00,1.491014992130e+00,5.419322366941e+07
37,310,1.539271754423e+00,1.675217424538e+00,1.508894989962e+07
37,311,1.938248756347e+00,2.489756745810e+00,4.905438021331e+07
37,312,1.291357862776e+00,1.064591688336e+00,1.855004218965e+07
37,313,1.114457803592e+00,1.595839047738e+00,4.337495688728e+07
37,314,1.252461669433e+00,2.027205909704e+00,6.660463305315e+07
37,315,1.678555044828e+00,1.328847761603e+00,4.011978072096e+07
37,316,1.176896753660e+00,1.765048065302e+00,3.028324339169e+07
37,317,1.911629022914e+00,1.572449959629e+00,6.315117379810e+07
37,318,1.802143511215e+00,2.866396388100e+00,3.022633427586e+07
37,319,1.325654939351e+00,1.185115966812e+00,2.230857876903e+07
37,320,2.871623891366e+00,3.199959063411e+00,1.491541834589e+07
37,321,2.074296025556e+00,1.903671935154e+00,2.843788157979e+07
37,322,1.343512301821e+00,1.380288415149e+00,2.438920265494e+07
37,323,1.982580375628e+00,1.254115173627e+00,4.713558168388e+07
37,324,1.318889311392e+00,1.260556169511e+00,4.083685535871e+07
37,325,1.686668982621e+00,1.453469256147e+00,3.362324315283e+07
37,326,2.677555710197e+00,1.132687409654e+00,1.501446767732e+07
37,327,1.808308858528e+00,1.435132699813e+00,5.374675054031e+07
37,328,2.154974769468e+00,1.807255713243e+00,8.256695218451e+07
37,329,2.187585195400e+00,1.563268370170e+00,2.887469184560e+07
37,330,1.298801034163e+00,1.145187832281e+00,2.108924484407e+07
37,331,1.852459064095e+00,1.838548582286e+00,5.561333041837e+07
37,332,1.713867355112e+00,4.672426715729e+00,3.552181907863e+07
37,333,1.968259884676e+00,1.568957246866e+00,7.359757214246e+07
37,334,1.592552599324e+00,3.790711369174e+00,4.546850321803e+07
37,335,1.588708851656e+00,1.605101143993e+00,4.802175762045e+07
37,336,2.190379989652e+00,1.463806571988e+00,3.543016004235e+07
37,337,1.628786987295e+00,1.416646915852e+00,3.515825337330e+07
37,338,1.380035679620e+00,2.250920119540e+00,8.874849138464e+07
37,339,1.889759202995e+00,1.324895310020e+00,5.850877208902e+07
37,340,1.292657016504e+00,1.039565190117e+00,2.668754871122e+07
37,341,1.618926595154e+00,1.266189889628e+00,4.690690512732e+07
37,342,1.899029824109e+00,1.979056229604e+00,2.631766106926e+07
37,343,2.002413007699e+00,2.422626938043e+00,2.326582827994e+07
37,344,1.539714143091e+00,1.658878958544e+00,3.431418660293e+07
37,345,1.589584038577e+00,3.649775219039e+00,5.272535650667e+07
37,346,1.649463197940e+00,2.232365181643e+00,5.697602928890e+07
37,347,2.002559724037e+00,1.339580735743e+00,2.058313017964e+07
37,348,1.428205183324e+00,1.082036041340e+00,3.856287553072e+07
37,349,1.651159551453e+00,1.344739005765e+00,9.533574406885e+06
37,350,1.247050525199e+00,1.037563814702e+00,1.653663418676e+07
37,351,2.156548605448e+00,7.926964191548e+00,3.656634085096e+07
37,352,1.718099012095e+00,2.141106692805e+00,5.989143543520e+07
37,353,2.338423686893e+00,7.921082980420e+00,3.291413068490e+07
37,354,1.321751940635e+00,9.051786694584e-01,5.333316684082e+07
37,355,2.576153133322e+00,2.718556408228e+00,8.319295745782e+07
37,356,1.920114065322e+00,8.281200796154e+00,3.365200000093e+07
37,357,1.418802182759e+00,1.663881817031e+00,2.828969449060e+07
37,358,2.233424697558e+00,1.581789954530e+00,4.134238755783e+07
37,359,1.425519135871e+00,2.446310175430e+00,4.934870470294e+07
37,360,1.428168433737e+00,1.741691203609e+00,5.451903675746e+07
37,361,1.705112716133e+00,4.019980598720e+00,4.665733636492e+07
37,362,1.840380195261e+00,1.731746251561e+00,4.520780048215e+07
37,363,1.922364380584e+00,1.692980067900e+00,2.987764478242e+07
37,364,2.481064531911e+00,1.467016027709e+00,3.792184153950e+07
37,365,1.898104357488e+00,1.176159442335e+00,5.893745580536e+07
37,366,1.016747620035e+00,1.126222912572e+00,1.310031305834e+07
37,367,1.813918880060e+00,2.158483221818e+00,3.868044580840e+07
37,368,1.447632233183e+00,1.985668556148e+00,2.232276274002e+07
37,369,1.341961129056e+00,1.343219931740e+00,4.135729404021e+07
37,370,1.545788696455e+00,1.823655185725e+00,3.867843595406e+07
37,371,2.229849058662e+00,2.210809331958e+00,3.448091263707e+07
37,372,2.041838525664e+00,1.151916303775e+00,3.179499919038e+07
37,373,2.504764636477e+00,2.258772393468e+00,2.525433377254e+07
37,374,1.661680873815e+00,2.150215561438e+00,2.283167743559e+07
37,375,1.765086216521e+00,1.059315691269e+00,5.104928444286e+07
37,376,2.467674954466e+00,2.166634231156e+00,6.991849735449e+07
37,377,1.699705831629e+00,1.378351536301e+00,3.708039961588e+07
37,378,1.799284909256e+00,1.361412053707e+00,5.865147505890e+07
37,379,1.641646032967e+00,1.968891506310e+00,2.780659748313e+07
37,380,1.952902022578e+00,2.302136559618e+00,3.111559176371e+07
37,381,2.328654885001e+00,1.416399124370e+00,3.281968929207e+07
37,382,2.079103547486e+00,8.542565896593e-01,3.455704302904e+07
37,383,2.809611222170e+00,8.057899663514e+00,4.705273402155e+07
37,384,2.218148367532e+00,1.673314304336e+00,5.045792976191e+07
37,385,1.893569229271e+00,2.042812104314e+00,6.966939055450e+07
37,386,2.445957936062e+00,1.839540569013e+00,5.369644709984e+07
37,387,1.686375076888e+00,1.770732149413e+00,3.527087797872e+07
37,388,1.552428664883e+00,1.451544535441e+00,1.499872829656e+07
37,389,1.591237801855e+00,4.112903517135e+00,2.469649694443e+07
37,390,1.846906923202e+00,1.688682918117e+00,5.261893290602e+07
37,391,1.996359106459e+00,1.003057426858e+00,4.134777332804e+07
37,392,1.217136205214e+00,1.361140922735e+00,1.998219375085e+07
37,393,2.265534726387e+00,1.414114155021e+00,1.621544339370e+07
37,394,2.421170474622e+00,1.553942215166e+00,4.876776266049e+07
37,395,1.480800864908e+00,1.134135896545e+00,4.525541987304e+07
37,396,1.435677349924e+00,1.421254150344e+00,8.710950462941e+06
37,397,1.763264771347e+00,1.138226503975e+00,1.958630389936e+07
37,398,1.788810702406e+00,1.531130975212e+00,4.515549277469e+07
37,399,1.825242678555e+00,2.084495428060e+00,4.811703987995e+07
37,400,1.433842517693e+00,1.359689038625e+00,3.655223740768e+07
37,401,1.523435023400e+00,2.154311210052e+00,4.018213267471e+07
37,402,2.095537552830e+00,1.489471862959e+00,3.752418249039e+07
37,403,2.056972916583e+00,1.523777007695e+00,2.996063394026e+07
37,404,1.656101330817e+00,1.383236138868e+00,3.605149979698e+07
37,405,1.412502919388e+00,1.844788779070e+00,1.261292628718e+07
37,406,2.236560826948e+00,3.424328588885e+00,2.844515172784e+07
37,407,1.928272979422e+00,7.826510443009e+00,3.321675366572e+07
37,408,1.837947912884e+00,1.294042593337e+00,2.679776779935e+07
37,409,1.907987492930e+00,1.911917591062e+00,4.982443219765e+07
37,410,1.386677971937e+00,1.553647925936e+00,4.717425057320e+07
37,411,1.285939790297e+00,1.654415838249e+00,2.758864546337e+07
37,412,1.913863984236e+00,1.210686090298e+00,1.774800817732e+07
37,413,2.009449758788e+00,2.010851390131e+00,3.522249958088e+07
37,414,1.109251703918e+00,1.688446799570e+00,1.988584053166e+07
37,415,2.213728400371e+00,2.046347389836e+00,3.251261590970e+07
37,416,2.263761574176e+00,6.847477137658e+00,3.966564206576e+07
37,417,1.939649380480e+00,3.559774722246e+00,1.777537861994e+07
37,418,2.603512798358e+00,1.325384901232e+00,1.578027654909e+07
37,419,1.311138100804e+00,1.231834690296e+00,3.685511302588e+07
37,420,2.523483682917e+00,2.181075668755e+00,3.797682555788e+07
37,421,1.971209908427e+00,1.377667324490e+00,4.707842815464e+07
37,422,1.713944983825e+00,1.786412700007e+00,3.574769194776e+07
37,423,1.533098682024e+00,2.249711211911e+00,4.440060254542e+07
37,424,1.554123524520e+00,3.267700953789e+00,3.808700940631e+07
37,425,1.768942672145e+00,1.646512351362e+00,3.679511897951e+07
37,426,1.615829711964e+00,1.826609932320e+00,2.557767222147e+07
37,427,1.793398043903e+00,1.091082481920e+00,3.072702437349e+07
37,428,2.672671076923e+00,2.605849467702e+00,2.184075586487e+07
37,429,1.951095232594e+00,1.246487122935e+00,1.423657619161e+07
37,430,1.368562269892e+00,1.470757204473e+00,5.178038129839e+07
37,431,1.733444244099e+00,1.102479827321e+00,3.588414543128e+07
37,432,1.422972236744e+00,1.605293572170e+00,3.843994041018e+07
37,433,1.939067852662e+00,1.959411932369e+00,2.544585065789e+07
37,434,1.055149485436e+00,1.027032418909e+00,3.010876582871e+07
37,435,1.812578009410e+00,1.729753724326e+00,1.808882136576e+07
37,436,2.372870093429e+00,1.810246902863e+00,6.889870741825e+07
37,437,1.568198489125e+00,1.476116962866e+00,1.343681841990e+07
37,438,1.407106910257e+00,1.676277418069e+00,3.979578467618e+07
37,439,2.035918188641e+00,2.885831366768e+00,7.230311070124e+07
37,440,1.378769107399e+00,1.815096674856e+00,1.452525527657e+07
37,441,2.376603797946e+00,1.149646494812e+00,6.857403814233e+07
37,442,1.623579489173e+00,3.196796450044e+00,1.058576402971e+07
37,443,1.711281748010e+00,1.716255205033e+00,2.420536280628e+07
37,444,1.615681468519e+00,1.446002276851e+00,1.113735954843e+07
37,445,1.443163959095e+00,2.083340563247e+00,1.838828187108e+07
37,446,1.720505891580e+00,1.897234398150e+00,2.762109453791e+07
37,447,1.846419703426e+00,2.029364684324e+00,5.396871700413e+07
37,448,1.307086160805e+00,1.619586181067e+00,2.973822921899e+07
37,449,1.617521515196e+00,1.870496669824e+00,3.889808351267e+07
37,450,1.297688952126e+00,1.525021731302e+00,1.861313191813e+07
37,451,1.960336915405e+00,1.679365097418e+00,2.515766035740e+07
37,452,1.896617412681e+00,1.519715018909e+00,3.540259301556e+07
37,453,1.417194417056e+00,1.368343958222e+00,1.062572807515e+07
37,454,1.625143812161e+00,2.174081452496e+00,3.480495447047e+07
37,455,1.457829879416e+00,1.516639358480e+00,2.894834923228e+07
37,456,1.785432920205e+00,1.857841791539e+00,4.395889249512e+07
37,457,2.126854897288e+00,1.406008159094e+00,5.378775166281e+07
37,458,2.238237308705e+00,1.529806824087e+00,3.994634723011e+07
37,459,1.461290024726e+00,1.423801869045e+00,2.946169336534e+07
37,460,1.492778849547e+00,1.903165400914e+00,3.022276860119e+07
37,461,2.124107600613e+00,3.553064577959e+00,2.805761512083e+07
37,462,1.531268574426e+00,1.342089595460e+00,4.199303524098e+07
37,463,1.261972517899e+00,1.980666473104e+00,1.879783340616e+07
37,464,2.740459020973e+00,1.593783706481e+00,5.819963494877e+07
37,465,1.944995970320e+00,1.573686312770e+00,5.423680768821e+07
37,466,1.561853830976e+00,1.837424209308e+00,7.307565256663e+07
37,467,2.425444101212e+00,1.386580089730e+00,2.856734971695e+07
37,468,2.423964060485e+00,1.862676683728e+00,3.655477564834e+07
37,469,1.492378832974e+00,3.328734013602e+00,5.553837488651e+07
37,470,1.941443717412e+00,1.953268526838e+00,3.609693013197e+07
37,471,1.912876836108e+00,7.903402960461e+00,5.385849697548e+07
37,472,1.370067824751e+00,9.749716672716e-01,4.220709507168e+07
37,473,1.539329915483e+00,3.200583249397e+00,6.020327103543e+07
37,474,1.967701503692e+00,1.665974534785e+00,7.554350611117e+07
37,475,1.974294388924e+00,1.238459771678e+00,3.633635887879e+07
37,476,1.365228278166e+00,1.883391224328e+00,2.110813854701e+07
37,477,1.524157539544e+00,1.485111760886e+00,5.689426875736e+07
37,478,1.767489953336e+00,1.641601395480e+00,4.156366279989e+07
37,479,1.615599460974e+00,1.287213129633e+00,3.235980594174e+07
37,480,2.010517656755e+00,2.007394950761e+00,3.693462074481e+07
37,481,1.693617307924e+00,7.443690738534e+00,5.366797206030e+07
37,482,1.716561574430e+00,2.579526287356e+00,5.675824215479e+07
37,483,1.471962675978e+00,2.017412760617e+00,5.662060132044e+07
37,484,3.107688491784e+00,1.285196627191e+00,2.294337749521e+07
37,485,2.078829816585e+00,1.340292092363e+00,2.144039563756e+07
37,486,1.518464593301e+00,2.123591785079e+00,2.541360567720e+07
37,487,1.630008649095e+00,1.633519436753e+00,2.879878016967e+07
37,488,1.591002409677e+00,1.603644616495e+00,4.827084762454e+07
37,489,1.638303386295e+00,1.187869567704e+00,7.294585150417e+07
37,490,1.910910539548e+00,1.398140232160e+00,4.978423063581e+07
37,491,1.261840071614e+00,2.547258170865e+00,2.603063193059e+07
37,492,1.935012344560e+00,2.042027820344e+00,3.097510817670e+07
37,493,1.186560448215e+00,1.425185685169e+00,2.077175076804e+07
37,494,1.811612054802e+00,2.080909361225e+00,7.275382761371e+07
37,495,1.371202939492e+00,1.985460009700e+00,4.768342857291e+07
37,496,1.568418364499e+00,1.757500206983e+00,4.762596191782e+07
37,497,2.481201503991e+00,2.027677788377e+00,3.622926774104e+07
37,498,2.014779227708e+00,2.653558137374e+00,2.116019624256e+07
37,499,1.410796769142e+00,3.600040448006e+00,2.850438391418e+07
37,500,2.590162963986e+00,1.780212955655e+00,3.629269815518e+07
37,501,2.222275608772e+00,1.995757378610e+00,3.238579120686e+07
37,502,2.215958995522e+00,3.268313445115e+00,6.029475584328e+07
37,503,2.747274538419e+00,1.720928915961e+00,3.102656266681e+07
37,504,1.905423595222e+00,1.424062450159e+00,3.677823688560e+07
37,505,2.159329522946e+00,7.585696615839e+00,3.888137284098e+07
37,506,3.220601781062e+00,1.297234005621e+00,2.312372360308e+07
37,507,1.978475661869e+00,1.830707479118e+00,3.598667626926e+07
37,508,1.836428584090e+00,2.236282466207e+00,1.696967105723e+07
37,509,1.923063904359e+00,2.210270924979e+00,5.394073614869e+07
37,510,1.592998299074e+00,9.130510010679e-01,7.213917507793e+07
37,511,1.758001914917e+00,1.452411889851e+00,2.138539955712e+07
37,512,2.371110955861e+00,2.279906999863e+00,5.281548064356e+07
37,513,2.146433864114e+00,6.408830911387e+00,3.267240874596e+07
37,514,1.407589616169e+00,2.025290329685e+00,3.004561092078e+07
37,515,1.257042687224e+00,1.530393501366e+00,8.652867804649e+07
37,516,2.126242373389e+00,1.733740212749e+00,3.297347110693e+07
37,517,1.853769244009e+00,2.139419988693e+00,2.458231222180e+07
37,518,1.218871673771e+00,1.440543212476e+00,3.738345199426e+07
37,519,1.947350297225e+00,1.075815485327e+00,2.946090062810e+07
37,520,1.735476409723e+00,9.476837334223e-01,2.617893458670e+07
37,521,1.741049945574e+00,1.396165238858e+00,2.785202761640e+07
37,522,1.663219490083e+00,1.228046830787e+00,1.117894936668e+07
37,523,1.642733281573e+00,1.309977924703e+00,2.295485616412e+07
37,524,1.418925099068e+00,1.328570070166e+00,2.873800513782e+07
37,525,1.352603289164e+00,1.531072750405e+00,1.527568825840e+07
37,526,1.393320887770e+00,1.007663947949e+00,2.210632575182e+07
37,527,2.126551632294e+00,1.328302988213e+00,5.944580293770e+07
37,528,1.856779053791e+00,9.675519377499e-01,4.250452764897e+07
37,529,2.040302862078e+00,1.635895702596e+00,4.100380563776e+07
37,530,1.504059883115e+00,1.159908491978e+00,2.351804535473e+07
37,531,1.819957352768e+00,2.391129286291e+00,4.341854993765e+07
37,532,1.973232154681e+00,7.517658843337e+00,3.434260443039e+07
37,533,2.052162510478e+00,7.105834929098e+00,5.202164516757e+07
37,534,1.266999797829e+00,1.541245229584e+00,5.168086774351e+07
37,535,1.312469584015e+00,1.764440669725e+00,1.779292019338e+07
37,536,1.448756616170e+00,1.699933036764e+00,1.929661445236e+07
37,537,2.120616595507e+00,2.130739028787e+00,5.650683062252e+07
37,538,1.519638541293e+00,5.737852279016e+00,2.638075191760e+07
37,539,1.448560011794e+00,1.784095502926e+00,3.407327113213e+07
37,540,1.953965490094e+00,1.898535042297e+00,5.117848893065e+07
37,541,1.896213531186e+00,1.422095655582e+00,3.520688789105e+07
37,542,2.045927096052e+00,1.366754299600e+00,3.299987863268e+07
37,543,1.441809345027e+00,8.903017990428e-01,4.666694216446e+07
37,544,2.451160304468e+00,2.297502324325e+00,5.700897470943e+07
37,545,1.290643791760e+00,1.589429339312e+00,2.563361889665e+07
37,546,1.865271195757e+00,1.481993817431e+00,3.205329670134e+07
37,547,1.715424487636e+00,1.768205355450e+00,7.320380472382e+07
37,548,2.055073536403e+00,8.371118951546e+00,4.307596418435e+07
37,549,1.846038205722e+00,1.330490286062e+00,5.255126241354e+07
37,550,1.215033660070e+00,2.045618595158e+00,5.382083402853e+07
37,551,2.467255607248e+00,6.353585266664e+00,3.855985569615e+07
37,552,1.627789547090e+00,1.441288005725e+00,4.048605916873e+07
37,553,1.685259056863e+00,1.764858519826e+00,4.153627079571e+07
37,554,1.579437511904e+00,1.708486126047e+00,3.727718656026e+07
37,555,1.858105966514e+00,1.716829631279e+00,4.563928284281e+07
37,556,2.151069021216e+00,1.592635027929e+00,5.695557553719e+07
37,557,1.654101321677e+00,1.476707665358e+00,6.027230284448e+07
37,558,2.782590729431e+00,2.810330409068e+00,6.099150584413e+07
37,559,2.298131198322e+00,1.726583968758e+00,2.304191925163e+07
37,560,2.478732108762e+00,1.512341179281e+00,3.285323764312e+07
37,561,1.351201330034e+00,2.085666850096e+00,5.253588062491e+07
37,562,3.094901925164e+00,2.219892403544e+00,2.007605710072e+07
37,563,1.834188299754e+00,1.936729836801e+00,2.966304323662e+07
37,564,1.918888921053e+00,2.191981685897e+00,3.953973787091e+07
37,565,1.861837085998e+00,2.747473393943e+00,3.939383312453e+07
37,566,1.404255867862e+00,1.602237311009e+00,3.275770227008e+07
37,567,2.078387852391e+00,1.061464689451e+00,4.359966275089e+07
37,568,1.404427559901e+00,1.084959111535e+00,5.228739257162e+07
37,569,2.420787433156e+00,1.488308084130e+00,4.058704437810e+07
37,570,1.644067715480e+00,1.817418286355e+00,3.240680236567e+07
37,571,1.344727739400e+00,3.868043859358e+00,4.370546058287e+07
37,572,2.562934572371e+00,1.966168167128e+00,5.009652037040e+07
37,573,3.019557764725e+00,6.920918573741e+00,2.925195904519e+07
37,574,1.581239043701e+00,2.130493020590e+00,2.439990506519e+07
37,575,2.005883181257e+00,1.236550320519e+00,3.572029411121e+07
37,576,2.263852010277e+00,2.394224644410e+00,3.699511478028e+07
37,577,1.860634350781e+00,1.362171860578e+00,7.530392919540e+07
37,578,1.722312047122e+00,2.598275386701e+00,4.197559157126e+07
37,579,1.260151776170e+00,1.469439785950e+00,2.573505548532e+07
37,580,2.903502571308e+00,2.336999962500e+00,3.957862161006e+07
37,581,1.939374130428e+00,1.379040093053e+00,3.673660962830e+07
37,582,1.384083438931e+00,2.598398947828e+00,5.689522941071e+07
37,583,1.239096669087e+00,1.753628475322e+00,4.518655390174e+07
37,584,1.686195272755e+00,1.402013091451e+00,2.252037873640e+07
37,585,1.479697365483e+00,1.923810450484e+00,4.486876250643e+07
37,586,1.965619562142e+00,2.039365358162e+00,3.249521745004e+07
37,587,1.408761386065e+00,1.612584552523e+00,4.841231590325e+07
37,588,2.163625467584e+00,3.273663903883e+00,3.378419909559e+07
37,589,1.770263717790e+00,1.112524478440e+00,3.666849073809e+07
37,590,1.981142625003e+00,1.354767784878e+00,2.679502092025e+07
37,591,2.590343041021e+00,5.713396233707e+00,3.682178924385e+07
37,592,2.381885375911e+00,3.825101115118e+00,3.646940954772e+07
37,593,1.455678740293e+00,2.141499667531e+00,5.932853343651e+07
37,594,2.460539892308e+00,2.292050169048e+00,5.056933375165e+07
37,595,1.502536903826e+00,1.765629405143e+00,6.737946830918e+07
37,596,1.202818590506e+00,1.288506318546e+00,5.144145555951e+07
37,597,1.621636158896e+00,1.644804006105e+00,4.790588454802e+07
37,598,1.661810381294e+00,2.372762683926e+00,1.885930240078e+07
37,599,1.484347367777e+00,1.200262841020e+00,2.985615950763e+07
37,600,1.895586227333e+00,1.248890198051e+00,7.018723149862e+07
37,601,1.920387722490e+00,2.061489067595e+00,2.621354586689e+07
37,602,1.797137655557e+00,2.573266852857e+00,6.331526555564e+07
37,603,2.066458289771e+00,5.807327473621e+00,4.795380248295e+07
37,604,1.650907167920e+00,1.545481088033e+00,5.418015979476e+07
37,605,1.495229016197e+00,1.427822008916e+00,1.944759567914e+07
37,606,1.624497261089e+00,1.491033416495e+00,3.476475246715e+07
37,607,2.324157379981e+00,2.083013210582e+00,5.671605132405e+07
37,608,1.894670866876e+00,3.537788688677e+00,3.326652135927e+07
37,609,1.316578984309e+00,1.265763553219e+00,2.404973364749e+07
37,610,1.572575797435e+00,1.454162228388e+00,2.997727626287e+07
37,611,1.729290685515e+00,1.833740794177e+00,4.852630019889e+07
37,612,1.341560629018e+00,1.162059345655e+00,4.361311043528e+07
37,613,1.336024455229e+00,1.369860787632e+00,4.908189188770e+07
37,614,2.211534448190e+00,1.895686662724e+00,1.561189120900e+07
37,615,1.838032313978e+00,1.349047391027e+00,3.351498632598e+07
37,616,2.181626990858e+00,2.148130610509e+00,6.903055242311e+07
37,617,1.608567808804e+00,1.379942043120e+00,4.986682209784e+07
37,618,1.766408180858e+00,2.435208399534e+00,3.667847432248e+07
37,619,1.791852147948e+00,8.184622439808e+00,2.372055602015e+07
37,620,2.100021944506e+00,1.331349361382e+00,3.015330520124e+07
37,621,1.517491386884e+00,1.273278933818e+00,1.024844061383e+08
37,622,1.996113902521e+00,1.355450528884e+00,1.377302244872e+07
37,623,1.858107127778e+00,2.223824182443e+00,4.367012290790e+07
37,624,2.090969282939e+00,1.145166075229e+00,7.333070536579e+07
37,625,2.025683885376e+00,3.579531181751e+00,1.683616433557e+07
37,626,2.463493498932e+00,2.580298975794e+00,2.607913717599e+07
37,627,1.573350890858e+00,1.163357536497e+00,6.107182481656e+07
37,628,1.564252407996e+00,1.238188294017e+00,1.002090047993e+07
37,629,2.428357701181e+00,2.966296778883e+00,6.273899037409e+07
37,630,1.300004304614e+00,1.698685001516e+00,2.652734972992e+07
37,631,1.820230430089e+00,1.767096847647e+00,4.361037468550e+07
37,632,2.849097058953e+00,2.158633798100e+00,3.813948861626e+07
37,633,2.012075017049e+00,1.500311772439e+00,4.714477751597e+07
37,634,2.157413384002e+00,6.285212104981e+00,3.916177784108e+07
37,635,1.485531234254e+00,2.186541425843e+00,3.145088163973e+07
37,636,1.319547921534e+00,9.755896075486e-01,8.860135538968e+07
37,637,1.132002471232e+00,1.743103924477e+00,3.710707317536e+07
37,638,1.907394720886e+00,1.338752223950e+00,2.972897471681e+07
37,639,2.158825281770e+00,1.246188442789e+00,3.086452223533e+07
37,640,1.341712326697e+00,1.743521280450e+00,3.636067478946e+07
37,641,1.563297169146e+00,1.765588334311e+00,1.729779307203e+07
37,642,1.818634728144e+00,1.473597765488e+00,2.925721575985e+07
37,643,1.577095150840e+00,3.663976819151e+00,2.055814902071e+07
37,644,1.974063129615e+00,1.714934373057e+00,3.528567545602e+07
37,645,1.332793234471e+00,1.187806506977e+00,3.708179295067e+07
37,646,1.775369713964e+00,1.208522234570e+00,2.126642227562e+07
37,647,1.563645069801e+00,1.551422068208e+00,1.327115560179e+07
37,648,2.195905930387e+00,3.769671222853e+00,1.597138134731e+07
37,649,1.711141220095e+00,2.119122703700e+00,5.571060048010e+07
37,650,2.571815087427e+00,2.004946069993e+00,5.039139342915e+07
37,651,1.576733332699e+00,2.083960131532e+00,3.760337768621e+07
37,652,1.826075522417e+00,1.722051026819e+00,4.708537323905e+07
37,653,2.171943245100e+00,7.869282224571e+00,4.055109983066e+07
37,654,1.810065718070e+00,1.302331995934e+00,4.328443309013e+07
37,655,1.141169240447e+00,3.802688403144e+00,3.314601641859e+07
37,656,2.448431302749e+00,1.475011736425e+00,2.627390428360e+07
37,657,2.227214802950e+00,1.480400129533e+00,3.107144510929e+07
37,658,1.754869177115e+00,2.441166012022e+00,6.519051187628e+07
37,659,1.120590041676e+00,1.746026015873e+00,1.964191707169e+07
37,660,1.544189892121e+00,1.882419887756e+00,3.236178741828e+07
37,661,1.796659181638e+00,1.016631598891e+00,1.493402930648e+07
37,662,1.492912008507e+00,2.215489051766e+00,3.011909900489e+07
37,663,1.389288964155e+00,1.862534596965e+00,4.799080333983e+07
37,664,2.044348206731e+00,2.366359528722e+00,4.537852625987e+07
37,665,2.052502387168e+00,1.772494061577e+00,4.148017477859e+07
37,666,1.506662425434e+00,1.619301776919e+00,4.509275701375e+07
37,667,1.589421863937e+00,3.110661612301e+00,2.458341450897e+07
37,668,2.896255991618e+00,2.280220903765e+00,5.449469249684e+07
37,669,2.190905563777e+00,7.652750514983e+00,5.397223289409e+07
37,670,1.348711283483e+00,2.021198311000e+00,5.407382756293e+07
37,671,2.223164812282e+00,7.847061984935e+00,2.465943957018e+07
37,672,2.072368506623e+00,7.432623388829e+00,1.918283868689e+07
37,673,1.826780846472e+00,1.916659579715e+00,2.282520890105e+07
37,674,1.861392875138e+00,6.107845394778e+00,4.163179019054e+07
37,675,2.149211269571e+00,2.348321185386e+00,4.666519763770e+07
37,676,1.299883371515e+00,2.133348280854e+00,3.587480611587e+07
37,677,1.211776539922e+00,1.668300170237e+00,4.004044402884e+07
37,678,2.207623127777e+00,4.020392273032e+00,4.392651507809e+07
37,679,2.074649175979e+00,1.467405371174e+00,3.127627221207e+07
37,680,1.696535526220e+00,1.724632688384e+00,2.714276940540e+07
37,681,1.830211481026e+00,1.257927015065e+00,2.180809412664e+07
37,682,1.404652502900e+00,1.847557596769e+00,3.245229698245e+07
37,683,1.290743529045e+00,2.100018014213e+00,4.814234131179e+07
37,684,1.692994068343e+00,1.771472751083e+00,4.390961845252e+07
37,685,1.971242097760e+00,1.855354579494e+00,3.666900537478e+07
37,686,2.624590486557e+00,1.667205959340e+00,5.346542095460e+07
37,687,1.764571763755e+00,2.902148964710e+00,1.896540299175e+07
37,688,1.376741717383e+00,1.403366068785e+00,7.453193404955e+07
37,689,1.652875829102e+00,2.937159789606e+00,4.305413625274e+07
37,690,2.041666756959e+00,3.212835975863e+00,2.376333562734e+07
37,691,1.303341867918e+00,1.429286846950e+00,1.347675891419e+07
37,692,1.367854485243e+00,4.801213536892e+00,4.722612459512e+07
37,693,1.685841043212e+00,1.950771746813e+00,2.075626630807e+07
37,694,1.980090057996e+00,1.288002522294e+00,2.201678605342e+07
37,695,2.086228190538e+00,1.623934978759e+00,3.661122496748e+07
37,696,1.439055972922e+00,1.364742188518e+00,3.321719613521e+07
37,697,1.390281244911e+00,1.498565379178e+00,2.735763422684e+07
37,698,1.452808196292e+00,1.162317188236e+00,3.801888328524e+07
37,699,9.365401190861e-01,1.134801190461e+00,4.058761324587e+07
37,700,2.291924484482e+00,7.846860955403e+00,1.760429306158e+07
37,701,1.909827521700e+00,9.287990366332e-01,2.930181316689e+07
37,702,2.002437035544e+00,1.196959811287e+00,2.322776830849e+07
37,703,1.402543728406e+00,1.634945511611e+00,5.011518926008e+07
37,704,2.158166315517e+00,2.307098099082e+00,3.212763644825e+07
37,705,1.289684055000e+00,9.517570598250e-01,5.507297106280e+07
37,706,1.512149115322e+00,2.891725355574e+00,8.900947787596e+07
37,707,1.781399012097e+00,1.846532082377e+00,2.627828105850e+07
37,708,1.649974961335e+00,1.596639064697e+00,5.070982181873e+07
37,709,1.314426408718e+00,1.669428024663e+00,2.879166616197e+07
37,710,1.763899974828e+00,2.421929292716e+00,1.309700275934e+07
37,711,1.837188976822e+00,1.139613184318e+00,2.744579232132e+07
37,712,1.917804433117e+00,2.531447301262e+00,3.254255302486e+07
37,713,1.714816453708e+00,1.114126170274e+00,3.866660533541e+07
37,714,1.909735242876e+00,1.814982814187e+00,2.408644650373e+07
37,715,2.010999022267e+00,2.736554877134e+00,4.020339951484e+07
37,716,1.696762279998e+00,1.325816230460e+00,3.691896380972e+07
37,717,1.743231464807e+00,1.609093232482e+00,7.258017670892e+07
37,718,1.745440677473e+00,2.655446829523e+00,1.696912800679e+07
37,719,1.715253023631e+00,3.307475671247e+00,3.599650070827e+07
37,720,2.263598422612e+00,6.610555993155e+00,3.856777777567e+07
37,721,1.508559514041e+00,1.659521908895e+00,3.260720419161e+07
37,722,1.398671264516e+00,9.999205364488e-01,5.160764317486e+07
37,723,2.080073680974e+00,1.448150208561e+00,3.194356115794e+07
37,724,1.576039456551e+00,1.161843478874e+00,1.913852675056e+07
37,725,1.399138355288e+00,1.637846380438e+00,5.405771529215e+07
37,726,1.794581982169e+00,2.008425306220e+00,3.505818471415e+07
37,727,2.186044086249e+00,1.115066397724e+00,3.552780046537e+07
37,728,2.065777602548e+00,1.660003125621e+00,2.041675825351e+07
37,729,1.201635480255e+00,1.013044308450e+00,4.118091846926e+07
37,730,1.599652907949e+00,1.720869760202e+00,2.559408010878e+07
37,731,2.138406903550e+00,1.581981205504e+00,3.262980380747e+07
37,732,1.324207713815e+00,2.506586575597e+00,4.188053911471e+07
37,733,1.617049733683e+00,2.866045698777e+00,2.641176357022e+07
37,734,1.738435865276e+00,1.667541620469e+00,5.676827963853e+07
37,735,1.826360350349e+00,1.596920684238e+00,4.466520610685e+07
37,736,1.749200897947e+00,2.107863334866e+00,3.701245335103e+07
37,737,3.141009963428e+00,1.960127596053e+00,6.318773350779e+07
37,738,1.986709077830e+00,2.292068669467e+00,4.689812528587e+07
37,739,2.073014852022e+00,1.146826375314e+00,2.929332065930e+07
37,740,1.760421155221e+00,1.557559931067e+00,1.542150518907e+07
37,741,2.309370490096e+00,3.391502807601e+00,5.460102169153e+07
37,742,1.664051186737e+00,1.672825856490e+00,6.380858836967e+07
37,743,1.694165315352e+00,2.389165373144e+00,2.536299704663e+07
37,744,1.972340637533e+00,1.665995176028e+00,4.332572293991e+07
37,745,1.903456206458e+00,1.990353832626e+00,4.116396033735e+07
37,746,2.098586941306e+00,7.755913551754e+00,6.845253741944e+07
37,747,1.251959896873e+00,1.553471363958e+00,6.571158523390e+07
37,748,2.080885347997e+00,1.860391286221e+00,2.953453646493e+07
37,749,2.081600261317e+00,1.230457971410e+00,5.111287400497e+07
37,750,2.637751876779e+00,1.845950886515e+00,1.801902016845e+07
37,751,1.303225848595e+00,2.135189904227e+00,3.117629103388e+07
37,752,2.259244389798e+00,1.500638602928e+00,2.470816850422e+07
37,753,1.622110785158e+00,1.568104784103e+00,2.088063623265e+07
37,754,1.579958753757e+00,1.884694784264e+00,4.191850395924e+07
37,755,2.026837737105e+00,1.142338298456e+00,4.497106986412e+07
37,756,1.872267571469e+00,1.522331576361e+00,5.974074343692e+07
37,757,1.911505461601e+00,1.381874907593e+00,2.350849078427e+07
37,758,1.571769513365e+00,1.332099362377e+00,1.372682292322e+07
37,759,2.065125100088e+00,8.162449899273e+00,3.652856596016e+07
37,760,1.964262662815e+00,1.859572315242e+00,6.125161244701e+07
37,761,2.128165946825e+00,1.843721586110e+00,3.180153000923e+07
37,762,1.457489944911e+00,1.450285870374e+00,2.971084098958e+07
37,763,1.790995538730e+00,1.328707638214e+00,1.220130492142e+07
37,764,1.415893645060e+00,1.188019734468e+00,6.525794976464e+07
37,765,1.500378270242e+00,2.234969888719e+00,3.358023422644e+07
37,766,1.882541102150e+00,2.027122128248e+00,6.164503646006e+07
37,767,1.997239280905e+00,6.416402152428e+00,4.486801753224e+07
37,768,1.113296770734e+00,1.336613017702e+00,4.428701602696e+07
37,769,2.236592598563e+00,1.373848700624e+00,2.791876466820e+07
37,770,1.458409698442e+00,2.628795561040e+00,3.179690102257e+07
37,771,1.041895966656e+00,1.670764716368e+00,8.038621844154e+07
37,772,1.755029442418e+00,8.154833833611e+00,4.311768007987e+07
37,773,1.543757950618e+00,2.372195325160e+00,4.068899495456e+07
37,774,1.576614046265e+00,1.661019735137e+00,5.031731411098e+07
37,775,1.504852376957e+00,2.983101440066e+00,6.641386149106e+07
37,776,2.097400447679e+00,1.810408339323e+00,5.313376700279e+07
37,777,1.371126560227e+00,2.189805500159e+00,3.919325471104e+07
37,778,1.671507372111e+00,1.595427842042e+00,1.702106330789e+07
37,779,1.403432357170e+00,2.059218617115e+00,4.476849265558e+07
37,780,1.569366877710e+00,1.146666314516e+00,3.437078001438e+07
37,781,1.310570305463e+00,2.945114323579e+00,3.055411063620e+07
37,782,2.365252307215e+00,9.718337746727e-01,2.667096441460e+07
37,783,2.167413989010e+00,1.657694738768e+00,3.839751774840e+07
37,784,1.959182965504e+00,1.539917224328e+00,2.625487845769e+07
37,785,1.566317428292e+00,3.827412445849e+00,2.110541835727e+07
37,786,1.862870987653e+00,1.879517026909e+00,3.231798408097e+07
37,787,2.918564937707e+00,4.328521920535e+00,3.868708030320e+07
37,788,1.237034170106e+00,1.993427986679e+00,4.664646539117e+07
37,789,2.438305058411e+00,4.608755400447e+00,1.152781387034e+07
37,790,2.586253129032e+00,1.860267453588e+00,2.590226826522e+07
37,791,1.994543927992e+00,1.672300696123e+00,6.971346040402e+07
37,792,2.085531896918e+00,1.474106104947e+00,3.957912759774e+07
37,793,2.546312797055e+00,2.191006693983e+00,4.812149960689e+07
37,794,1.784221963294e+00,1.084949530015e+00,3.979302432665e+07
37,795,1.385712890798e+00,1.252619434067e+00,1.530647619185e+07
37,796,1.368941750218e+00,1.989518455644e+00,4.520943179502e+07
37,797,2.125538417082e+00,2.036626890509e+00,4.531358982409e+07
37,798,1.804405665301e+00,1.355508872883e+00,6.200613488213e+07
37,799,1.557665579578e+00,2.980276882932e+00,3.074933260164e+07
37,800,1.571852611988e+00,1.679265756934e+00,2.995937281166e+07
37,801,1.777055119176e+00,1.646071305111e+00,7.326941708165e+07
37,802,1.964569642833e+00,1.749914447379e+00,6.381906134580e+07
37,803,1.617707326223e+00,1.932464523140e+00,1.687350924348e+07
37,804,2.128840660343e+00,4.036612797903e+00,2.924444562790e+07
37,805,2.395704519701e+00,1.889829716049e+00,5.945415736260e+07
37,806,1.534137534505e+00,1.559149527334e+00,1.892394597939e+07
37,807,1.992718810078e+00,1.773554835155e+00,2.551433526239e+07
37,808,1.479899276650e+00,1.420527277536e+00,2.097386461342e+07
37,809,2.456873583289e+00,1.572015888433e+00,6.007774271731e+07
37,810,1.796166289488e+00,1.451364225875e+00,1.275851786206e+07
37,811,1.954388280835e+00,1.634611536702e+00,4.145579105277e+07
37,812,1.597201629991e+00,6.275841179484e+00,2.520082467540e+07
37,813,2.220299523339e+00,1.457285856458e+00,1.118705982296e+08
37,814,1.474841735498e+00,1.801103726907e+00,5.206018950328e+07
37,815,1.730155280982e+00,2.801017674129e+00,6.835911141656e+07
37,816,1.635910408688e+00,1.487610329204e+00,2.648784989315e+07
37,817,2.077811205560e+00,1.628274212537e+00,2.140948763745e+07
37,818,1.747317486003e+00,1.770110763074e+00,2.494012434183e+07
37,819,2.190943105775e+00,1.938782287014e+00,3.994267212323e+07
37,820,2.253787940445e+00,1.672974444666e+00,1.916699966269e+07
37,821,2.010493712570e+00,1.987274968654e+00,2.949732288406e+07
37,822,1.390631749306e+00,1.228488977393e+00,4.068742680770e+07
37,823,1.937991422595e+00,2.095160535377e+00,2.925614477861e+07
37,824,1.557440540200e+00,7.104574031580e+00,1.577813008671e+07
37,825,1.770166290028e+00,1.200037092982e+00,4.843520422530e+07
37,826,1.490655587092e+00,1.167305377742e+00,1.010176850555e+08
37,827,2.839375051877e+00,5.341935349446e+00,2.303057553937e+07
37,828,1.619485113417e+00,1.023000105160e+00,3.476013495546e+07
37,829,1.199123744050e+00,1.111175075513e+00,8.248229726293e+06
37,830,1.885314581724e+00,1.369844291253e+00,3.086626577364e+07
37,831,1.525331619983e+00,3.115352701922e+00,3.307921100690e+07
37,832,1.518901878811e+00,1.479736822877e+00,3.226714632889e+07
37,833,1.896358559013e+00,1.534234467927e+00,1.727329083747e+07
37,834,1.214948058627e+00,1.409294657551e+00,5.327150148271e+07
37,835,2.500340510136e+00,7.913722993999e+00,4.598701056141e+07
37,836,1.442792507456e+00,1.948825444438e+00,4.668637960253e+07
37,837,2.239134373532e+00,1.519864817960e+00,2.078377867029e+07
37,838,1.355322785044e+00,2.324962859738e+00,3.662254343978e+07
37,839,1.745136547451e+00,1.279391042934e+00,1.850304123836e+07
37,840,1.646287484902e+00,1.386110146356e+00,3.351616931680e+07
37,841,1.810191476106e+00,7.748246237393e+00,5.970063018811e+07
37,842,1.746120741173e+00,2.639821946278e+00,5.336884916904e+07
37,843,2.038276845228e+00,1.740891758342e+00,4.512094826472e+07
37,844,1.781682671814e+00,1.057576863049e+00,1.973988963073e+07
37,845,1.878029501239e+00,1.713042776236e+00,1.969544348184e+07
37,846,1.136079858554e+00,2.295386971533e+00,7.844983693285e+07
37,847,2.299140145337e+00,2.549083440702e+00,3.641747567215e+07
37,848,1.666737759265e+00,1.751969353861e+00,6.815146379636e+07
37,849,2.589699743316e+00,1.533004102132e+00,4.633582701145e+07
37,850,1.555194310904e+00,1.604342336045e+00,7.171829154294e+06
37,851,1.914672301086e+00,2.681839817444e+00,2.052142531990e+07
37,852,2.126904397173e+00,1.515070156955e+00,2.592709443563e+07
37,853,1.886331581232e+00,9.676027790708e-01,1.834842706518e+07
37,854,1.482511831723e+00,1.212489111479e+00,3.854918378694e+07
37,855,1.222883929376e+00,3.204831703343e+00,1.503070940612e+07
37,856,1.535540336135e+00,1.407120287191e+00,6.498559817576e+07
37,857,1.659745614981e+00,2.502388719984e+00,7.862845606847e+07
37,858,1.709245079995e+00,8.044532917742e+00,1.127516770205e+07
37,859,1.674919240706e+00,2.757866821909e+00,3.017011204274e+07
37,860,1.806316884903e+00,1.071520103043e+00,4.556006754774e+07
37,861,1.519792733629e+00,2.361732629945e+00,5.060070066927e+07
37,862,2.070233756024e+00,1.272045129547e+00,3.676069330893e+07
37,863,1.462212892283e+00,1.137543430642e+00,9.452011875268e+07
37,864,1.962185371568e+00,1.053748154924e+00,3.621679035185e+07
37,865,1.896961786090e+00,1.430104466879e+00,5.404970322669e+07
37,866,1.750628673307e+00,1.054812618375e+00,3.073321539745e+07
37,867,1.896886115149e+00,1.363598943815e+00,4.312749339080e+07
37,868,2.962747474971e+00,1.773201609974e+00,4.221665613818e+07
37,869,1.665107573873e+00,1.866603765404e+00,5.663171838521e+07
37,870,1.377196323310e+00,1.787060981998e+00,2.720840448781e+07
37,871,2.347084415328e+00,7.440857834197e+00,2.714165955797e+07
37,872,1.594732941428e+00,1.053953240325e+00,4.559263576153e+07
37,873,1.490699793668e+00,1.834607569396e+00,2.393316781602e+07
37,874,2.093116174462e+00,1.443795903014e+00,5.690907852047e+07
37,875,2.267061720757e+00,1.527147925039e+00,3.092023857584e+07
37,876,1.663407147947e+00,5.291257578807e+00,1.495025369189e+07
37,877,1.524657351337e+00,3.305267662965e+00,4.231070105321e+07
37,878,1.420695731219e+00,2.232162710555e+00,6.771249410361e+07
37,879,1.997348848543e+00,1.388289461204e+00,6.994592676801e+07
37,880,1.464050134715e+00,1.492776939139e+00,4.634201982285e+07
37,881,1.745915901318e+00,1.371544952949e+00,3.190518017936e+07
37,882,1.163540382728e+00,2.039472768151e+00,6.237156125639e+07
37,883,1.715431806817e+00,2.329842978215e+00,4.644619730197e+07
37,884,2.128426531720e+00,1.271610351706e+00,6.862621209107e+07
37,885,1.634117374755e+00,1.547487585163e+00,2.117304543195e+07
37,886,1.242669868585e+00,1.411715779337e+00,2.540545148170e+07
37,887,1.448860210609e+00,1.026391979760e+00,2.056822497582e+07
37,888,1.436082290380e+00,1.158078732831e+00,5.124468692324e+07
37,889,2.130143835177e+00,1.838481412379e+00,3.367832585042e+07
37,890,2.167168559223e+00,1.308613354555e+00,3.165343536145e+07
37,891,1.749063422142e+00,1.509077181736e+00,2.787282341297e+07
37,892,1.511965763583e+00,2.374663447748e+00,5.812316970710e+07
37,893,1.603352892172e+00,1.918151274137e+00,4.277754818292e+07
37,894,1.490277622826e+00,1.815579021816e+00,2.496597312424e+07
37,895,1.707842839856e+00,1.511478519669e+00,2.246826026814e+07
37,896,1.098726992324e+00,1.232051463790e+00,2.911051216935e+07
37,897,1.857994459787e+00,7.311791375278e+00,3.403539105808e+07
37,898,2.286145441479e+00,1.489049893167e+00,4.269074516373e+07
37,899,1.715986710737e+00,6.679080947825e+00,6.944418870431e+07
37,900,1.933217599592e+00,2.191447175841e+00,4.635927960368e+07
37,901,1.520613424177e+00,1.199417908831e+00,3.242725055620e+07
37,902,2.126905763930e+00,1.349851856987e+00,3.194354432873e+07
37,903,1.688843780876e+00,1.979750527053e+00,5.888123080570e+07
37,904,1.936509563702e+00,2.652193453574e+00,2.423721214791e+07
37,905,1.513518056166e+00,1.820618510863e+00,7.443966039213e+07
37,906,1.741252351410e+00,1.567616106158e+00,3.804193170650e+07
37,907,1.341906523111e+00,1.626920886949e+00,2.505648782089e+07
37,908,1.451404801486e+00,1.808682946815e+00,3.013160339153e+07
37,909,1.463318040402e+00,1.973692926105e+00,3.721088451463e+07
37,910,1.498029169227e+00,1.645185316764e+00,1.817829738742e+07
37,911,1.528318484675e+00,6.319220193741e+00,5.148790490150e+07
37,912,1.776635068648e+00,3.141504565392e+00,5.773302313447e+07
37,913,1.302889130544e+00,1.706898228284e+00,5.316808838023e+07
37,914,2.736769530185e+00,2.593803574189e+01,2.602410119380e+07
37,915,1.793354593930e+00,1.681261521648e+00,7.020882970877e+07
37,916,2.010738353968e+00,2.551862025129e+00,5.582737653324e+07
37,917,2.002514941229e+00,1.313573026147e+00,3.117694825874e+07
37,918,1.713786154244e+00,2.281736006873e+00,2.547456849586e+07
37,919,2.590852831441e+00,2.458815431011e+00,7.443922011549e+07
37,920,2.534425683561e+00,2.506428002479e+00,4.316337354517e+07
37,921,1.825029991805e+00,1.284452096141e+00,8.390327610460e+07
37,922,1.191476828300e+00,1.336864973365e+00,4.108210485062e+07
37,923,2.823295952400e+00,1.394422173263e+00,4.025064982028e+07
37,924,1.835243699832e+00,1.470532806934e+00,2.169237156961e+07
37,925,3.537987859129e+00,4.854573138321e+00,2.446821971606e+07
37,926,1.627052828744e+00,3.274000464311e+00,1.960486605956e+07
37,927,1.884431719266e+00,7.628204604184e+00,3.888255129177e+07
37,928,2.658553200670e+00,2.333848719522e+00,4.949076122323e+07
37,929,1.502661182330e+00,1.539482992015e+00,7.484501256772e+07
37,930,1.714931847918e+00,1.499889727265e+00,2.191927602210e+07
37,931,1.705648172459e+00,1.876724909947e+00,2.389058522603e+07
37,932,2.026831624428e+00,7.698748777335e+00,2.692883291657e+07
37,933,2.272954869113e+00,2.167077239717e+00,2.071899699219e+07
37,934,1.444365361549e+00,2.256538087833e+00,4.894822247258e+07
37,935,1.677886692071e+00,2.598162669627e+00,3.540105349556e+07
37,936,2.130042324580e+00,1.408548121338e+00,3.490314124929e+07
37,937,1.388904878885e+00,2.744479427581e+00,3.279749070069e+07
37,938,1.708655313474e+00,2.834401425759e+00,5.529635503586e+07
37,939,2.011880397101e+00,1.256875277674e+00,4.422162396810e+07
37,940,1.337473711178e+00,2.443944219114e+00,5.976401155095e+07
37,941,3.340331775570e+00,2.335007369234e+00,7.084519512414e+07
37,942,1.284859377340e+00,3.746935932961e+00,5.805285563296e+07
37,943,2.025729561606e+00,4.217382886769e+00,1.364691849350e+07
37,944,2.578685141307e+00,6.747048228420e+00,2.955255132972e+07
37,945,1.480711100811e+00,1.944542909275e+00,2.236645972006e+07
37,946,1.772531224079e+00,1.595098643341e+00,2.426895874213e+07
37,947,2.359946412769e+00,2.327485226687e+00,4.749679785125e+07
37,948,1.406291242253e+00,2.022377119988e+00,2.937321245467e+07
37,949,1.574616005692e+00,1.381993667912e+00,6.591559231690e+07
37,950,1.993391382742e+00,4.166207938957e+00,4.253946501160e+07
37,951,1.838763447302e+00,1.083984374446e+00,2.683815002012e+07
37,952,2.127670262992e+00,1.918533148731e+00,5.049701283220e+07
37,953,2.032310652238e+00,1.235838948468e+00,2.683204372731e+07
37,954,2.270162171672e+00,1.690253683624e+00,4.112349041396e+07
37,955,1.797760785651e+00,3.812463492986e+00,1.653636851134e+07
37,956,1.257204411938e+00,1.068928636474e+00,3.205649986778e+07
37,957,2.031558636436e+00,1.535974355305e+00,2.014825666718e+07
37,958,1.873474367679e+00,2.689357913360e+00,2.290249825957e+07
37,959,1.478578577145e+00,1.915527422788e+00,3.426273291694e+07
37,960,1.869070319976e+00,1.745322837144e+00,2.660190714735e+07
37,961,1.338271496359e+00,1.119427661547e+00,1.781810513028e+07
37,962,2.070191202963e+00,1.952518114201e+00,2.203695567776e+07
37,963,1.757989400650e+00,1.255303976383e+00,4.826979718221e+07
37,964,2.369319660208e+00,1.696808796476e+00,3.358621274438e+07
37,965,2.558990490781e+00,1.751009256737e+00,2.573878223288e+07
37,966,2.185620085408e+00,1.486401867828e+00,3.133003165552e+07
37,967,2.490910029223e+00,2.459659853123e+00,3.864411287996e+07
37,968,1.989987458239e+00,1.534202126807e+00,3.188191695224e+07
37,969,2.326181478951e+00,3.224499945064e+00,2.546639647389e+07
37,970,1.372800922067e+00,1.211458963936e+00,4.402307620645e+07
37,971,2.597104388696e+00,3.268436671654e+00,2.986814695347e+07
37,972,1.416418363949e+00,1.809997545531e+00,3.177090767657e+07
37,973,1.493492708859e+00,1.464759700179e+00,2.267267276367e+07
37,974,1.989556147766e+00,2.503587935469e+00,5.072186483090e+07
37,975,1.725639306049e+00,1.301025339573e+00,2.676313471888e+07
37,976,1.804261690541e+00,1.226052530427e+00,2.839726958091e+07
37,977,2.025959338972e+00,1.811964173371e+00,5.822027129632e+07
37,978,1.655401098494e+00,1.450673738294e+00,5.105845910952e+07
37,979,1.589496190202e+00,1.632673407163e+00,2.957309411819e+07
37,980,1.841693250450e+00,3.363027743979e+00,2.873983285737e+07
37,981,9.834488665877e-01,1.640915187912e+00,3.392820369223e+07
37,982,2.626446047492e+00,2.345457345594e+00,2.732885015440e+07
37,983,1.479592199659e+00,3.353671955278e+00,7.420217309966e+07
37,984,1.834800353123e+00,3.210977181571e+00,3.061149906810e+07
37,985,1.895486460895e+00,1.427237442018e+00,5.786452678539e+07
37,986,1.693390792415e+00,1.360317122884e+00,5.203431093579e+07
37,987,2.804723251167e+00,1.505682593549e+00,3.050696662006e+07
37,988,2.780329427643e+00,7.897099625886e+00,4.086043634807e+07
37,989,1.554745311237e+00,1.404112197811e+00,9.808307327536e+07
37,990,2.123316987526e+00,3.081856902275e+00,2.461333661480e+07
37,991,1.943602166166e+00,1.581065710003e+00,8.610614689205e+07
37,992,1.699555156265e+00,1.210060853303e+00,2.744291060279e+07
37,993,1.791986665012e+00,1.273277055138e+00,4.544686613215e+07
37,994,1.810932256392e+00,2.445373595782e+00,3.425187046451e+07
37,995,1.929902001358e+00,3.259242377183e+00,1.319011565150e+07
37,996,2.360653930885e+00,1.151857791233e+00,5.326805868739e+07
37,997,1.844302596416e+00,1.602656312862e+00,6.682309142056e+07
37,998,2.382183819197e+00,1.469001341590e+00,3.093098555416e+07
37,999,2.093893331101e+00,2.907683245614e+00,5.754472998776e+07
37,1000,1.655634977134e+00,3.879214454875e+00,3.620239341630e+07
